flex1,flex2,flex3,flex4,flex5,acc_x,acc_y,acc_z,gyro_x,gyro_y,gyro_z,temperature,label
621.62,684.82,594.11,704.19,629.72,0.63,0.79,0.36,15.72,22.08,0.23,31.35,C
616.37,360.56,710.66,359.14,545.7,0.74,0.79,0.12,24.16,-10.76,-21.26,31.38,E
383.66,523.68,355.28,410.76,663.21,-0.4,-0.94,0.37,22.65,-10.33,-28.71,31.33,D
578.85,674.72,610.68,703.53,583.17,0.69,0.72,0.57,17.64,31.48,-1.45,31.24,C
578.29,435.52,623.59,589.94,350.78,0.99,0.31,0.23,-22.04,-5.34,-5.46,31.21,A
615.99,654.91,631.63,701.6,606.76,0.72,0.36,0.45,14.77,20.15,5.68,31.15,C
373.47,429.47,389.02,429.65,540.01,0.88,0.85,-0.19,9.8,19.83,14.12,30.84,B
559.5,633.55,595.27,707.24,613.28,0.62,0.74,0.43,3.76,23.66,3.91,30.5,C
630.72,436.16,626.9,550.01,313.54,0.96,0.21,0.66,-18.54,-4.23,-20.16,30.7,A
619.91,347.15,716.24,350.3,510.13,0.83,0.88,0.32,20.41,-25.69,-24.18,30.8,E
396.03,542.13,358.16,390.51,622.1,-0.95,-0.66,-0.09,21.08,-12.43,-19.57,31.53,D
574.04,369.85,653.48,365.49,534.79,0.77,0.9,0.12,16.46,-11.01,-24.03,30.99,E
381.65,378.1,372.83,430.82,484.94,1.16,0.97,-0.13,5.43,16.51,30.31,31.22,B
411.87,586.62,317.0,340.11,633.3,-0.72,-0.9,0.05,27.35,-4.7,-26.67,31.07,D
608.9,642.34,597.47,697.16,621.63,0.95,0.75,0.58,17.11,22.54,1.78,31.05,C
440.18,409.55,381.24,306.58,634.63,-0.73,-0.57,-0.56,25.35,12.22,30.33,31.28,DELETE
598.19,383.46,693.2,390.84,519.77,0.88,0.73,0.24,17.13,-21.2,-25.48,31.06,E
384.29,557.92,362.18,389.63,687.67,-0.59,-0.82,0.22,24.61,-10.62,-17.26,31.32,D
656.74,599.83,328.27,613.72,692.69,0.23,0.15,-0.61,21.39,-23.62,-13.89,31.21,SPACE
580.94,379.0,697.4,358.76,565.44,0.69,0.51,0.14,11.13,-28.09,-29.66,30.95,E
360.34,433.63,392.81,342.25,479.77,0.83,1.06,0.07,9.26,31.35,19.63,30.99,B
697.56,650.98,346.09,628.06,675.28,0.12,0.23,-0.73,24.01,-23.47,-13.5,30.94,SPACE
435.88,445.71,411.46,349.01,610.97,-0.36,-0.48,-0.6,26.94,19.17,23.91,31.49,DELETE
626.17,641.86,346.48,604.38,705.29,0.01,-0.05,-0.79,25.69,-28.18,-9.19,31.22,SPACE
393.23,568.97,359.32,351.88,650.79,-0.55,-1.12,-0.05,14.86,-5.73,-22.77,30.74,D
584.03,473.15,671.64,521.93,300.25,0.81,0.74,0.61,-18.48,-8.68,-13.35,31.13,A
405.47,384.99,404.21,446.35,528.45,1.05,1.06,-0.1,10.9,14.63,22.85,31.32,B
597.34,498.27,644.22,585.91,338.02,1.0,0.59,0.28,-18.98,-7.89,-14.96,30.98,A
560.48,660.37,569.71,691.26,609.35,0.53,0.51,0.45,20.63,31.39,1.55,31.02,C
401.71,387.82,368.0,444.72,509.89,0.83,0.97,0.04,3.83,20.07,32.12,30.76,B
551.45,481.47,691.01,567.61,344.17,1.1,0.5,0.48,-33.69,0.23,-8.32,30.7,A
571.61,632.45,644.26,718.61,592.79,0.75,0.69,0.05,13.58,25.83,-3.27,31.07,C
370.81,584.01,368.6,392.92,605.7,-0.93,-0.86,-0.41,27.89,-19.56,-18.09,30.73,D
662.46,623.01,293.74,633.31,644.37,0.24,0.34,-0.77,25.34,-25.7,-7.57,31.41,SPACE
629.15,453.03,656.54,597.17,323.25,1.04,0.61,0.49,-27.93,-8.9,-7.32,31.1,A
586.69,377.13,692.4,385.96,625.65,0.92,0.55,0.1,11.3,-26.65,-27.08,31.14,E
388.77,559.52,389.26,332.38,700.87,-0.34,-1.37,-0.01,18.17,-11.76,-24.4,31.24,D
587.87,642.57,618.27,693.35,594.79,0.77,0.76,0.44,18.51,22.17,-5.79,31.23,C
419.68,401.91,387.31,282.19,607.33,-0.48,-0.42,-0.7,28.07,12.94,25.85,31.02,DELETE
595.08,622.51,593.01,690.35,583.6,0.52,0.45,0.11,12.83,29.22,-9.48,30.59,C
719.28,590.63,314.15,623.95,660.18,0.43,0.2,-0.89,19.99,-29.83,-13.92,31.08,SPACE
588.27,372.48,665.73,360.3,502.53,0.97,0.73,0.25,12.43,-18.14,-35.1,31.06,E
645.41,380.5,656.72,375.06,553.39,0.84,0.48,0.56,7.58,-18.64,-28.42,31.18,E
587.51,365.02,682.13,405.87,521.36,0.66,0.78,0.26,23.12,-24.58,-25.19,31.32,E
595.3,471.4,690.49,574.7,348.02,0.92,0.53,0.57,-20.07,2.85,0.48,31.09,A
334.09,451.51,404.41,430.14,510.43,0.75,1.02,0.05,5.88,22.02,39.81,31.25,B
612.13,456.49,621.96,565.51,351.24,0.81,0.59,0.39,-23.33,-2.43,4.47,30.59,A
402.16,574.18,377.52,347.54,650.07,-0.45,-0.71,0.15,23.45,-15.47,-18.72,30.95,D
440.57,456.02,383.39,350.79,591.52,-0.66,-0.47,-0.41,29.31,15.49,33.51,30.91,DELETE
386.74,428.23,394.9,339.45,644.97,-0.24,-0.21,-0.5,27.75,13.75,25.88,31.18,DELETE
414.0,448.81,369.83,291.03,607.41,-0.41,-0.39,-0.58,29.57,18.88,28.44,30.92,DELETE
574.74,604.33,619.14,766.89,592.58,0.45,0.8,0.35,24.6,24.67,-4.65,30.95,C
566.23,372.93,667.85,336.66,580.89,0.87,0.7,-0.01,9.94,-19.64,-28.45,30.35,E
660.21,661.89,320.38,577.74,694.37,0.35,0.05,-1.1,16.6,-24.49,-9.81,31.24,SPACE
592.03,648.72,593.68,696.46,600.75,0.73,0.31,0.74,17.37,28.98,-8.38,30.86,C
630.69,403.03,697.25,306.19,512.11,0.97,0.43,0.25,14.62,-14.6,-32.3,30.81,E
565.21,488.44,629.0,610.81,321.98,0.86,0.6,0.69,-20.07,-11.4,-5.06,30.69,A
367.05,454.15,357.6,369.11,560.73,1.19,0.87,-0.04,11.42,9.96,16.67,30.92,B
415.12,563.27,376.89,373.07,632.02,-0.69,-1.15,0.08,17.08,-5.85,-24.0,31.32,D
386.61,420.95,372.57,347.98,606.84,-0.53,-0.65,-0.29,28.85,19.36,23.09,30.8,DELETE
604.96,669.78,316.39,596.21,689.38,0.45,0.28,-0.62,23.88,-25.7,-9.99,30.61,SPACE
649.47,665.2,601.05,686.1,577.83,1.01,0.64,0.78,25.08,17.38,-4.82,30.8,C
394.14,575.18,321.45,395.26,670.78,-0.7,-1.09,-0.14,26.89,-18.0,-16.99,30.95,D
578.23,369.86,706.78,343.18,546.51,0.82,0.63,0.3,13.29,-21.13,-32.41,30.83,E
575.17,491.43,637.88,542.18,312.28,1.0,0.65,0.87,-7.74,-0.9,-12.7,30.36,A
673.38,624.86,305.47,591.86,673.35,0.22,0.03,-1.08,10.87,-42.81,-11.85,31.7,SPACE
583.56,369.35,683.7,364.21,584.2,1.04,0.64,0.11,19.62,-22.19,-38.05,31.21,E
394.99,447.14,433.37,338.92,633.57,-0.57,-0.51,-0.62,25.2,20.48,17.76,31.27,DELETE
418.55,415.57,350.79,377.76,660.24,-0.66,-0.54,-0.69,34.61,10.43,15.96,31.65,DELETE
444.63,521.73,385.42,375.13,643.42,-0.91,-0.87,0.1,30.69,-5.4,-25.28,30.7,D
612.08,381.1,677.38,370.78,528.0,0.69,0.78,0.42,17.67,-24.99,-23.52,30.85,E
607.71,659.49,303.31,619.97,649.71,0.09,0.22,-0.56,25.11,-26.53,-9.4,30.47,SPACE
577.65,689.38,577.09,707.59,593.74,0.97,0.53,0.35,13.26,27.7,-8.35,30.86,C
634.92,586.22,369.0,640.93,678.43,0.26,-0.03,-0.94,30.32,-26.56,-14.01,30.47,SPACE
392.29,577.57,357.95,419.65,653.66,-0.76,-1.03,-0.18,24.55,-14.54,-16.82,30.61,D
598.59,616.43,591.81,711.58,616.62,0.6,0.69,0.79,18.02,22.62,-2.36,31.03,C
405.15,444.72,428.6,347.71,594.87,-0.29,-0.64,-0.6,30.93,12.46,29.28,30.85,DELETE
381.56,434.44,399.03,392.97,525.18,1.29,0.72,0.13,-0.05,21.06,23.81,30.37,B
468.44,411.09,393.75,324.03,619.51,-0.34,-0.38,-0.45,25.14,12.75,25.87,30.99,DELETE
393.16,563.97,344.49,392.89,650.61,-0.68,-0.91,-0.17,17.29,-21.49,-19.49,30.64,D
620.96,511.68,641.51,574.03,309.81,0.92,0.28,0.44,-21.18,3.62,6.29,30.82,A
675.63,665.97,294.62,579.66,707.29,0.29,0.11,-0.93,26.79,-22.54,-18.52,31.49,SPACE
628.87,677.77,618.34,702.01,607.4,0.69,0.76,0.47,13.87,20.84,-5.25,31.07,C
406.19,400.13,414.89,402.95,508.74,0.84,1.2,0.03,16.54,19.03,27.43,31.72,B
614.36,608.03,601.7,682.8,584.81,0.77,0.83,0.41,22.01,26.33,-5.95,30.92,C
395.99,419.2,413.66,382.22,534.6,1.05,1.1,-0.07,6.62,8.08,22.87,30.84,B
442.06,398.3,369.32,368.6,719.8,-0.34,-0.28,-0.56,24.26,21.84,20.29,30.64,DELETE
441.84,477.25,383.74,325.96,594.2,-0.47,-0.48,-0.68,28.02,19.62,22.98,30.77,DELETE
421.24,449.07,375.4,429.35,530.8,1.04,1.05,0.2,8.76,28.65,27.52,31.19,B
571.9,450.92,621.92,640.38,382.71,0.89,0.47,0.4,-31.85,-3.56,-12.74,30.97,A
536.32,485.12,552.23,535.86,348.97,1.02,0.35,0.47,-15.46,-5.4,3.46,31.0,A
650.85,386.15,714.23,354.28,533.64,1.01,0.97,0.52,16.96,-21.77,-28.37,30.77,E
625.79,438.25,644.78,575.97,366.91,0.92,0.42,0.5,-15.95,-0.3,-9.68,30.93,A
403.46,371.97,394.79,449.71,527.63,0.72,1.26,0.16,7.99,19.74,31.39,30.84,B
430.47,528.73,376.63,408.18,653.65,-0.62,-0.7,0.29,21.45,-13.1,-26.91,31.29,D
720.58,622.04,322.0,584.65,646.86,0.14,0.33,-0.98,32.61,-25.14,-16.24,30.89,SPACE
612.65,324.9,671.15,350.23,559.81,1.05,0.83,0.27,0.79,-19.99,-22.07,31.37,E
398.58,532.53,401.13,379.55,644.47,-0.63,-1.05,0.02,14.55,-5.01,-22.83,31.35,D
383.89,421.14,390.23,414.46,553.87,0.97,1.25,0.09,9.69,17.05,28.07,30.96,B
359.02,566.01,372.3,341.88,671.12,-0.61,-1.04,-0.02,12.01,-12.1,-22.27,31.05,D
674.52,481.13,679.27,581.24,352.19,0.94,0.5,0.46,-20.16,-7.23,-4.42,31.33,A
642.81,496.97,664.48,592.8,395.86,0.92,0.22,0.81,-24.6,-2.44,-1.2,30.52,A
610.08,381.89,687.71,370.42,569.57,0.85,0.74,0.3,13.55,-13.33,-23.41,31.02,E
352.45,596.77,378.07,400.12,665.65,-0.73,-1.12,-0.02,16.89,-8.01,-18.28,31.44,D
601.49,433.25,643.0,556.39,329.11,0.94,0.27,0.33,-19.9,-5.59,-20.58,31.24,A
610.89,468.25,640.85,572.65,341.49,1.17,0.14,0.54,-21.43,-1.5,-9.61,30.47,A
429.43,427.13,376.0,306.28,600.51,-0.52,-0.4,-0.75,28.04,21.3,17.48,31.0,DELETE
642.8,506.69,667.43,541.08,358.4,1.01,0.28,0.57,-20.49,-0.2,-6.87,31.09,A
639.34,456.54,629.42,578.39,298.6,0.99,0.67,0.62,-30.26,-3.6,-4.04,30.44,A
366.01,536.7,350.39,366.72,701.66,-0.55,-0.82,-0.04,20.33,-17.7,-18.4,31.15,D
418.37,435.85,409.5,379.14,651.21,-0.54,-0.44,-0.63,29.23,12.63,30.48,31.06,DELETE
398.18,410.73,337.99,306.38,593.04,-0.59,-0.18,-0.68,27.66,19.41,24.61,31.12,DELETE
615.17,492.52,645.13,586.18,353.45,0.73,0.47,0.5,-25.51,-4.35,-0.28,30.74,A
393.72,434.23,422.93,412.25,547.61,1.0,0.88,0.01,8.44,21.42,16.55,30.88,B
579.99,325.83,740.46,351.17,498.81,0.99,0.56,0.46,9.26,-24.65,-27.7,31.18,E
646.18,642.29,293.17,593.03,732.96,0.36,0.16,-1.0,21.15,-26.57,-13.28,31.16,SPACE
637.86,627.95,357.06,604.64,685.35,0.3,0.2,-0.96,25.52,-21.4,-5.77,30.64,SPACE
721.93,654.84,324.21,632.51,659.48,0.39,-0.05,-0.98,26.61,-19.36,-15.06,30.73,SPACE
628.36,656.7,311.94,608.03,669.97,0.31,0.19,-0.77,7.75,-26.27,-5.18,31.56,SPACE
424.54,413.45,346.07,325.26,652.23,-0.52,-0.41,-0.96,30.68,17.33,22.47,31.05,DELETE
665.11,654.57,643.51,727.04,610.94,0.56,0.82,0.24,26.11,27.08,-14.74,30.9,C
386.29,548.73,394.5,406.6,680.0,-0.76,-0.97,-0.01,25.68,-2.67,-20.47,31.59,D
604.51,379.86,660.9,376.92,531.48,0.83,0.82,0.19,19.69,-14.73,-25.66,30.71,E
618.77,661.36,357.94,617.15,651.71,0.12,0.25,-0.93,23.58,-24.21,-5.73,30.66,SPACE
399.34,427.17,422.95,410.11,545.21,0.95,0.99,0.07,9.42,25.46,28.75,31.01,B
444.76,431.12,358.39,340.87,651.81,-0.62,-0.54,-0.45,26.21,14.81,23.93,30.98,DELETE
623.55,470.01,659.63,578.61,355.21,0.8,0.52,0.54,-28.39,-10.79,-4.32,30.89,A
381.92,442.37,410.9,396.58,544.97,1.04,1.13,-0.03,8.55,21.29,29.5,30.69,B
595.68,443.56,685.48,622.17,371.65,0.99,0.72,0.57,-21.3,-8.44,-5.77,31.02,A
658.6,689.23,322.83,618.83,727.42,0.3,0.09,-1.0,21.37,-30.38,-13.98,31.3,SPACE
374.37,395.35,466.97,398.56,496.55,0.88,0.97,0.14,11.12,24.98,22.75,31.1,B
,470.9,625.6,512.65,303.22,0.68,0.18,0.39,-15.69,-3.2,-1.3,31.12,A
407.83,456.72,435.82,311.69,668.98,-0.46,-0.5,-0.77,27.38,7.09,23.72,30.92,DELETE
405.71,395.62,385.69,393.56,486.66,1.12,1.16,-0.05,10.08,20.27,27.62,30.81,B
544.84,401.66,699.85,345.98,569.09,0.73,0.6,0.37,7.36,-22.5,-23.97,31.06,E
406.52,396.16,387.13,381.55,565.51,1.08,1.07,0.24,22.4,13.05,22.28,30.82,B
411.99,438.69,425.23,376.21,635.86,-0.47,-0.23,-0.67,26.54,16.22,20.9,30.95,DELETE
649.62,665.34,292.52,557.57,662.89,0.01,0.43,-1.14,16.17,-25.15,-14.12,30.54,SPACE
602.57,438.03,617.8,565.5,368.38,0.86,0.62,0.49,-21.07,-3.68,-3.39,30.84,A
677.81,648.18,339.32,609.27,677.51,0.21,0.1,-0.96,12.95,-23.01,-17.37,30.93,SPACE
364.74,422.12,423.24,421.65,580.89,0.87,0.77,-0.1,11.64,24.09,26.49,30.66,B
619.06,507.73,670.94,575.64,306.57,0.9,0.55,0.54,-25.2,-1.71,,30.81,A
435.23,386.41,433.39,388.74,583.31,1.08,0.83,-0.02,12.25,26.86,25.62,31.01,B
617.37,465.5,649.54,585.78,309.19,0.88,0.74,0.4,-32.9,-12.29,-7.61,31.01,A
443.01,401.16,404.34,336.66,613.57,-0.52,-0.4,-0.74,27.58,22.78,22.27,30.69,DELETE
653.78,478.81,668.01,566.46,308.05,0.81,0.41,0.89,-26.42,1.22,-12.27,31.28,A
432.86,561.35,409.73,375.26,650.8,-0.61,-1.36,0.03,21.52,-3.01,-17.49,30.66,D
611.53,617.45,644.42,654.0,574.43,0.77,0.91,0.51,20.92,26.17,-6.62,30.85,C
453.22,447.37,368.06,335.68,668.66,-0.57,-0.5,-0.47,34.36,12.62,24.49,30.85,DELETE
688.87,682.4,337.23,590.08,694.62,0.31,0.59,-0.86,24.85,-25.76,-11.68,30.92,SPACE
390.4,580.44,344.46,372.86,592.82,-0.45,-1.0,0.07,29.05,-8.94,-15.09,30.63,D
589.9,646.26,567.26,672.83,598.01,0.68,0.58,0.43,18.41,30.53,-1.98,31.12,C
426.12,393.6,406.08,381.57,527.28,1.1,1.0,-0.16,1.77,14.69,28.43,31.62,B
433.92,452.17,413.63,312.43,601.58,-0.29,-0.46,-0.63,27.62,22.53,31.65,31.33,DELETE
556.26,680.85,663.91,685.01,568.73,0.37,0.63,0.41,14.85,27.19,0.49,31.1,C
635.64,615.38,288.28,618.97,660.16,-0.04,0.19,-1.1,29.66,-30.11,-7.78,31.33,SPACE
397.65,512.27,348.86,371.45,646.31,-0.8,-1.01,0.26,25.07,-13.24,-22.65,30.99,D
601.82,354.09,689.6,386.45,526.89,0.89,0.66,0.21,10.3,-20.48,-34.3,31.14,E
580.67,397.64,721.94,379.03,549.64,0.63,0.75,0.39,19.16,-11.36,-37.88,30.88,E
389.09,542.54,380.66,348.36,664.49,-0.39,-0.74,-0.22,19.08,-8.33,-22.66,30.58,D
436.11,544.12,366.1,372.81,650.12,-0.95,-0.75,-0.11,26.89,-13.55,-25.44,31.36,D
438.32,575.87,385.86,323.54,649.56,-0.64,-0.93,0.15,19.93,-10.2,-16.4,30.32,D
637.81,472.7,622.44,558.34,353.94,1.06,0.6,0.47,-21.15,-2.39,-6.66,31.26,A
578.08,648.93,625.78,696.57,593.83,0.67,0.81,0.64,14.77,22.74,0.41,31.46,C
402.33,452.99,,419.45,486.89,0.89,0.82,-0.23,8.93,10.38,19.37,30.84,B
336.88,579.12,358.43,365.6,656.22,-0.78,-1.28,0.14,22.98,-12.01,-27.14,30.56,D
687.8,654.37,323.26,566.92,640.04,0.05,0.4,-0.83,17.05,-30.04,-15.32,30.73,SPACE
618.26,631.32,582.63,729.64,635.25,0.78,0.6,0.42,14.09,21.11,-6.71,30.81,C
414.44,549.2,299.97,350.6,650.17,-0.69,-0.71,0.09,22.17,-10.6,-16.79,30.82,D
641.63,652.64,295.26,644.8,669.7,0.22,0.44,-0.91,23.36,-30.97,-18.04,30.82,SPACE
408.48,564.66,410.32,371.31,680.9,-0.89,-1.12,0.11,27.18,-15.23,-22.19,30.59,D
603.29,657.03,594.16,678.71,654.79,0.85,0.79,0.55,13.09,32.47,-5.7,31.08,C
434.47,443.14,432.4,281.04,625.45,-0.63,-0.79,-0.69,37.73,13.58,29.75,31.36,DELETE
402.03,593.66,308.66,428.1,641.06,-0.68,-0.88,0.11,23.13,-5.45,-19.71,31.53,D
396.6,570.44,352.06,386.08,652.23,-0.59,-0.86,0.03,14.93,-1.49,-23.02,30.98,D
419.79,563.85,336.31,335.52,672.49,-0.79,-0.91,0.19,15.22,-10.67,-23.16,31.11,D
599.85,628.65,620.88,768.03,592.37,0.72,0.6,0.39,25.83,,-3.86,30.52,C
418.64,421.13,361.03,325.46,601.95,-0.63,-0.54,-0.56,38.64,20.96,31.41,30.89,DELETE
415.64,431.17,396.2,330.65,636.96,-0.66,-0.64,-0.68,28.79,10.66,18.86,31.05,DELETE
417.09,431.65,414.18,398.71,547.31,0.89,0.94,0.2,12.71,16.69,21.7,31.03,B
599.32,361.14,715.73,360.43,510.61,1.14,0.66,0.28,10.9,-16.05,-32.04,30.54,E
614.9,421.25,708.85,378.77,556.56,0.64,0.73,0.14,9.98,-11.14,-30.69,30.78,E
605.71,383.03,727.97,395.0,528.48,0.89,0.39,0.31,8.96,-22.88,-37.85,31.12,E
441.49,449.2,363.59,346.15,584.12,-0.32,-0.37,-0.76,32.52,28.07,24.71,31.17,DELETE
445.17,405.36,399.88,306.99,614.46,-0.06,-0.39,-0.77,30.53,14.28,20.99,31.63,DELETE
574.96,641.52,610.88,721.47,536.12,0.58,0.69,0.45,20.12,27.42,-3.01,30.84,C
629.48,477.06,649.7,545.79,337.09,1.25,0.65,0.6,-24.51,-4.95,-18.4,31.08,A
629.87,623.44,332.84,600.33,615.29,0.19,0.38,-0.98,20.53,-22.0,-7.21,31.31,SPACE
616.39,457.7,610.52,599.84,346.4,1.31,0.59,0.63,-23.15,1.11,-4.63,31.38,A
622.33,472.92,633.56,615.63,334.82,1.3,0.54,0.84,-20.53,1.84,-11.38,30.74,A
615.85,630.08,616.16,703.34,588.83,0.82,0.72,0.49,17.9,28.24,-0.34,31.02,C
620.56,519.15,654.41,599.65,330.26,0.96,0.42,0.72,-28.2,0.93,-8.71,31.35,A
560.62,475.24,637.91,576.36,336.97,0.99,0.66,0.41,-28.17,-8.44,-6.31,31.37,A
421.44,417.75,419.1,324.8,651.67,-0.52,-0.34,-0.55,24.37,18.7,35.44,31.08,DELETE
589.92,433.39,622.78,585.14,333.19,0.91,0.5,0.6,-27.36,0.56,-4.44,31.12,A
374.37,367.31,408.66,409.8,546.92,0.79,1.08,0.36,8.73,21.29,27.52,31.61,B
567.81,607.95,608.83,702.76,644.26,0.6,0.71,,16.84,29.8,2.39,31.1,C
394.84,454.41,405.72,439.74,549.0,1.23,0.97,0.41,5.91,17.77,19.93,31.7,B
604.06,626.44,601.48,694.55,546.36,0.67,0.64,0.44,25.19,20.0,-5.61,30.22,C
593.0,652.42,615.87,681.22,638.39,0.66,0.6,0.53,8.93,22.13,3.42,30.48,C
617.9,658.25,598.87,693.47,620.15,0.47,0.58,0.29,26.97,30.46,-12.5,30.55,C
385.99,446.96,390.95,320.01,604.33,-0.46,-0.23,-0.75,28.94,21.65,21.91,31.0,DELETE
394.25,466.11,387.7,336.39,615.63,-0.69,-0.54,-0.73,21.47,14.34,20.39,31.17,DELETE
586.74,678.01,604.33,707.28,603.49,0.83,0.56,0.31,14.92,26.58,-2.59,31.21,C
598.42,620.59,635.78,668.39,590.94,0.72,0.96,0.4,14.78,23.33,6.81,30.16,C
579.87,369.37,705.35,369.22,578.9,0.93,0.86,0.24,9.23,-23.08,-35.22,31.15,E
409.18,561.46,314.28,341.25,623.01,-0.84,-0.9,0.04,27.09,-6.68,-16.95,31.18,D
563.69,642.58,602.35,714.79,586.08,0.6,0.68,0.61,29.55,18.54,0.09,30.67,C
561.93,308.73,706.5,375.39,551.64,0.78,0.89,0.23,15.03,-18.97,-20.83,30.9,E
418.28,428.31,406.29,408.79,528.6,1.14,0.85,-0.19,11.41,24.75,28.38,31.12,B
368.05,580.5,350.01,350.46,644.46,-0.77,-1.01,0.14,17.84,-1.77,-28.94,31.48,D
452.77,444.93,373.89,330.79,564.75,-0.54,-0.49,-0.78,24.73,14.81,30.76,31.33,DELETE
405.66,558.18,373.43,386.18,642.13,-0.9,-0.94,-0.03,12.31,-7.9,-17.48,31.76,D
623.59,669.14,618.39,720.04,552.31,0.91,0.72,0.61,20.04,26.33,-2.86,31.11,C
606.16,406.34,710.92,299.62,555.78,0.77,0.73,0.29,11.97,-22.46,-29.53,31.4,E
611.04,489.27,638.75,585.9,341.62,1.07,0.64,0.33,-33.55,2.03,-1.81,30.69,A
579.47,355.97,677.73,388.86,509.41,0.9,0.69,0.44,12.26,-17.99,-30.28,31.13,E
649.06,648.17,340.63,626.56,670.92,0.12,0.13,-0.81,16.26,-28.11,-13.12,30.97,SPACE
611.56,503.89,634.41,587.75,312.96,1.02,0.52,0.46,-23.49,-3.9,-9.1,31.53,A
460.81,432.19,386.56,337.38,671.47,-0.52,-0.27,-0.73,27.2,16.92,21.92,30.94,DELETE
394.16,540.09,364.11,381.9,675.06,-0.64,-0.89,0.05,20.82,-14.02,-20.87,30.9,D
575.08,402.21,722.14,373.97,561.81,0.89,0.75,0.25,13.51,-25.11,-23.1,31.46,E
404.45,427.08,346.56,326.02,603.95,-0.72,-0.32,-0.44,28.36,15.33,27.97,30.99,DELETE
396.22,568.64,392.56,392.27,650.34,-0.54,-0.58,0.05,22.35,-9.59,-15.76,30.82,D
617.87,639.01,603.48,701.78,610.79,0.5,0.43,0.33,13.28,22.86,1.69,30.95,C
427.07,436.35,348.06,309.37,645.99,-0.55,-0.39,-0.77,28.35,10.0,26.29,31.11,DELETE
607.75,393.28,682.9,336.71,549.4,0.78,0.69,0.09,11.67,-18.37,-26.39,30.76,E
381.77,601.18,381.74,367.87,649.02,-0.72,-0.96,0.07,34.44,-9.49,-19.0,30.49,D
625.71,648.91,614.63,690.36,585.26,0.96,0.64,0.39,23.59,22.47,-4.46,31.0,C
590.37,635.23,570.24,745.52,609.56,0.78,0.56,0.57,16.21,24.66,1.57,30.51,C
605.18,645.26,556.2,706.28,555.43,0.56,0.87,0.73,12.03,24.43,-1.27,31.53,C
573.41,661.82,584.8,663.05,593.04,0.72,0.38,0.29,18.16,24.04,0.49,30.64,C
402.88,428.76,376.82,354.11,619.66,-0.51,-0.35,-0.73,35.31,16.85,21.51,30.93,DELETE
586.36,665.97,625.07,687.91,610.0,0.88,0.95,0.57,18.33,25.81,1.3,30.97,C
378.17,425.7,415.44,394.29,552.74,1.13,1.17,0.32,4.01,21.67,26.03,30.97,B
613.4,363.28,690.34,362.11,576.5,0.86,0.48,0.12,13.63,-27.59,-37.23,31.19,E
582.71,497.46,650.19,589.25,384.16,1.02,0.62,0.98,-23.38,-6.97,-5.61,31.13,A
394.32,585.83,351.59,371.41,623.45,-0.8,-0.7,0.01,16.75,-12.01,-30.3,30.7,D
605.24,666.83,571.92,713.0,583.39,0.75,0.63,0.54,18.7,10.72,-0.59,31.19,C
586.92,362.17,687.79,367.0,531.54,0.84,0.14,0.3,13.02,-16.75,-22.87,30.94,E
691.0,638.81,368.87,549.64,671.98,0.46,0.07,-0.93,19.35,-30.63,-9.97,30.61,SPACE
434.1,419.13,380.59,347.3,610.73,-0.56,-0.15,-0.78,33.9,11.09,29.07,31.21,DELETE
616.99,330.13,714.18,322.76,536.81,0.68,0.88,0.12,4.68,-21.28,-31.49,30.55,E
399.2,381.67,361.66,402.34,572.01,0.96,1.18,0.11,10.7,14.92,30.66,30.9,B
591.05,609.36,553.26,715.41,582.92,0.84,0.83,0.37,21.06,22.78,-10.72,31.04,C
697.49,647.24,281.84,579.64,636.67,0.22,0.23,-0.99,25.25,-26.82,-5.88,30.89,SPACE
604.8,658.42,610.37,698.05,619.15,0.84,0.8,0.45,25.04,27.22,1.67,31.08,C
359.27,390.87,393.12,411.18,569.0,0.98,1.13,0.22,7.18,24.57,24.76,31.4,B
472.51,423.42,369.21,350.59,615.93,-0.49,-0.47,-0.73,36.6,11.36,29.23,31.16,DELETE
387.38,419.87,429.65,382.71,508.16,0.96,1.1,-0.15,0.0,25.72,22.96,30.88,B
582.53,407.86,717.86,358.23,574.08,0.97,0.63,0.27,14.58,-26.11,-29.4,31.09,E
436.54,398.03,398.34,415.8,532.39,0.91,0.75,-0.02,2.97,12.97,22.0,30.69,B
594.25,342.31,673.02,380.73,555.98,0.7,0.77,0.36,20.48,-19.1,-24.13,31.14,E
427.89,547.21,322.41,376.79,684.09,-0.68,-0.99,-0.13,30.55,-15.59,-25.94,31.17,D
345.2,449.66,424.38,465.59,498.24,1.21,0.99,0.17,0.1,28.94,29.91,30.99,B
639.14,625.03,335.01,573.53,686.84,0.24,-0.07,-0.89,12.94,-23.75,-12.43,31.56,SPACE
570.4,485.26,599.44,597.74,340.89,1.31,0.36,0.56,-13.32,2.98,-11.23,31.07,A
560.62,679.11,583.61,679.42,597.6,0.55,0.48,0.45,13.65,22.38,-5.39,31.16,C
656.46,686.97,343.84,618.86,637.88,0.5,0.08,-0.65,31.47,-24.65,-6.03,30.08,SPACE
371.01,385.14,426.02,362.55,556.15,0.95,0.95,0.12,11.25,17.47,29.56,31.03,B
370.78,547.96,371.99,406.9,693.36,-0.7,-0.69,-0.04,27.26,-15.15,-20.21,30.3,D
435.79,577.11,342.29,380.0,654.8,-0.52,-1.05,0.12,21.97,-2.98,-15.86,31.06,D
605.89,471.74,653.02,603.94,311.21,0.93,0.74,0.46,-26.42,-1.97,-3.53,31.0,A
400.43,421.05,365.05,433.22,530.62,0.82,1.16,0.15,2.02,30.48,29.27,31.0,B
410.06,406.4,431.4,422.34,582.13,0.75,0.94,-0.02,-1.53,26.9,24.62,31.22,B
612.62,641.35,590.93,691.93,569.95,0.76,0.4,0.39,21.91,27.6,1.46,30.98,C
591.82,349.87,689.2,382.41,549.92,0.92,0.63,0.24,12.03,-18.33,-25.22,30.7,E
689.73,657.3,296.17,590.56,690.76,0.06,0.19,-0.91,19.43,-13.74,-13.25,31.13,SPACE
598.72,621.81,610.98,693.25,688.1,0.75,0.61,0.67,8.9,26.55,8.48,30.97,C
599.11,344.31,692.82,341.18,532.82,0.47,0.5,0.52,17.08,-15.35,-22.48,31.2,E
419.03,583.26,391.14,356.63,678.59,-0.43,-1.0,0.01,,-12.17,-13.75,30.7,D
578.32,488.33,653.22,534.28,334.6,1.1,0.68,0.73,-22.12,-7.2,-13.17,31.1,A
557.33,369.96,689.48,390.31,493.64,0.8,0.59,0.44,12.71,-12.97,-26.11,30.88,E
639.11,650.9,339.59,605.63,677.64,0.04,0.28,-0.98,23.11,-22.62,-7.85,31.1,SPACE
411.05,419.95,360.9,424.42,564.67,0.86,0.98,-0.21,2.05,26.84,23.64,30.67,B
601.52,412.39,725.24,361.64,534.8,0.43,0.62,0.09,14.04,-21.18,-25.94,31.42,E
659.74,645.15,315.44,570.12,670.48,0.12,0.05,-0.95,25.03,-26.29,-13.85,30.83,SPACE
383.59,423.89,439.32,417.87,488.64,1.06,1.17,0.02,13.32,18.15,18.55,31.04,B
404.09,433.05,383.56,379.02,518.78,0.89,1.1,0.2,7.57,28.75,32.82,31.07,B
591.68,645.53,678.25,669.97,607.47,0.8,0.66,0.48,12.88,26.61,1.07,31.1,C
398.66,521.4,374.0,366.37,683.23,-0.62,-0.79,-0.15,19.91,-16.65,-25.84,31.38,D
589.25,646.38,630.16,715.87,634.99,0.41,0.7,0.56,10.48,22.81,-5.69,31.01,C
429.83,531.67,376.71,403.43,647.04,-0.72,-0.9,0.05,24.68,-7.63,-27.22,31.3,D
445.89,445.32,397.9,288.33,623.32,-0.75,-0.68,-0.61,22.92,16.83,26.49,31.05,DELETE
448.57,405.93,389.64,408.12,557.66,0.9,0.89,0.21,10.23,11.37,19.85,31.45,B
439.09,550.92,351.29,347.09,624.5,-0.64,-1.13,0.11,18.45,-16.51,-24.95,31.1,D
580.64,640.43,584.43,692.87,648.98,0.91,0.72,0.46,22.33,31.73,-5.64,30.98,C
611.68,458.21,664.21,545.39,327.5,0.86,0.52,0.61,-27.35,0.64,-7.44,30.43,A
609.68,518.52,585.45,528.91,324.09,0.95,0.63,0.64,-24.23,2.12,-2.6,31.06,A
630.32,425.72,611.03,541.89,279.33,0.85,0.63,0.53,-21.32,2.47,-1.11,30.98,A
593.63,346.79,750.82,359.11,554.67,0.81,0.61,0.23,5.18,-22.75,-31.46,31.35,E
406.29,398.01,401.47,389.56,519.82,0.82,1.17,0.21,11.03,31.46,25.03,31.91,B
378.05,403.93,408.37,419.75,510.29,0.99,0.68,0.09,12.15,20.2,35.06,30.74,B
648.81,661.62,345.27,574.48,636.42,0.39,-0.0,-0.83,29.45,-19.12,-7.5,31.21,SPACE
637.22,367.93,702.56,351.77,494.99,1.0,0.34,0.21,12.66,-20.8,-33.05,30.45,E
574.88,642.92,581.68,727.8,609.53,0.76,0.87,0.63,21.93,18.97,-4.97,30.7,C
624.32,446.78,641.24,602.45,359.32,0.98,0.66,0.65,-16.31,-1.53,-9.53,31.1,A
625.07,484.05,651.34,589.19,353.07,0.64,0.47,0.25,-22.13,-3.0,-2.52,31.36,A
407.14,405.4,413.27,318.07,644.76,-0.51,-0.39,-0.67,15.22,11.18,25.17,31.11,DELETE
618.4,494.72,646.47,582.22,358.26,0.94,0.41,0.51,-19.14,-2.96,-6.05,31.2,A
374.21,594.62,371.33,371.77,667.73,-0.7,-0.91,-0.12,32.12,-13.34,-14.53,30.94,D
573.44,671.75,633.14,734.7,646.84,0.72,0.62,0.66,21.67,21.17,-6.66,31.15,C
322.28,596.72,393.22,424.82,651.26,-0.9,-1.03,0.0,16.73,-2.2,-11.11,31.14,D
390.0,549.09,409.27,376.45,695.91,-0.91,-0.88,0.31,21.91,-11.76,-28.15,31.32,D
327.99,540.98,362.6,350.5,645.24,-0.72,-1.06,0.01,24.9,-11.62,-24.58,30.95,D
667.49,635.91,351.11,611.32,683.27,0.27,0.28,-0.84,16.72,-25.35,-7.23,31.35,SPACE
585.99,639.09,615.09,675.95,630.9,0.76,0.7,0.56,26.72,26.94,-2.05,31.45,C
581.25,452.57,655.87,582.51,354.93,0.89,0.55,0.67,-23.86,-0.69,-11.06,30.89,A
387.78,593.03,337.63,387.44,708.51,-0.67,-1.08,0.06,19.41,-17.41,-18.81,31.34,D
597.53,500.53,645.87,598.84,326.49,0.94,0.5,0.45,-19.0,0.27,-4.78,31.46,A
569.58,456.5,647.15,588.1,348.11,0.75,0.65,0.45,-19.15,-3.03,-14.63,30.91,A
660.42,644.22,296.23,602.47,693.7,0.25,0.08,-1.1,17.31,-25.25,-9.47,30.76,SPACE
670.77,622.56,366.32,595.42,657.22,-0.18,0.3,-0.89,21.86,-29.23,-14.07,30.89,SPACE
558.11,638.84,601.28,684.14,638.79,0.78,0.87,0.5,18.52,21.4,-1.43,31.0,C
398.15,467.34,402.73,369.61,575.29,-0.23,-0.67,-0.82,25.39,23.4,26.92,30.93,DELETE
404.17,429.78,377.58,398.64,486.52,0.91,1.04,0.18,4.78,26.86,18.4,30.63,B
415.0,426.42,367.25,435.36,588.83,1.14,1.19,0.07,0.03,12.38,27.25,30.82,B
390.8,573.2,361.92,361.03,654.92,-0.66,-1.02,0.14,28.21,-5.59,-23.69,31.23,D
415.61,551.59,362.88,413.06,671.88,-0.58,-0.68,-0.1,16.83,-14.05,-23.58,30.29,D
621.72,645.01,591.23,682.89,610.71,0.57,0.33,0.52,20.7,25.08,-7.23,31.03,C
367.36,540.98,359.88,400.04,666.48,-0.68,-0.88,-0.1,20.54,-10.54,-30.23,30.65,D
430.06,447.52,397.55,344.49,643.38,-0.51,-0.56,-0.66,32.26,7.93,16.89,31.28,DELETE
643.8,654.35,329.53,555.52,670.64,0.32,0.3,-0.89,11.48,-20.83,-9.13,30.64,SPACE
632.61,491.92,662.08,572.17,314.45,0.82,0.28,0.61,-22.73,-5.18,-22.53,30.63,A
577.76,361.13,723.93,361.29,522.39,1.0,0.99,0.33,19.1,-16.77,-32.45,31.01,E
399.63,395.7,395.91,405.48,551.37,0.78,0.85,0.09,7.84,24.46,19.83,31.11,B
572.84,625.67,601.09,712.26,633.12,0.75,0.6,0.15,18.46,26.21,-0.57,31.63,C
616.61,365.49,704.4,369.31,554.81,0.95,0.27,0.26,15.52,-24.0,-29.24,31.23,E
563.3,346.52,698.31,357.31,503.02,0.85,0.62,0.12,11.08,-23.55,-32.5,31.28,E
603.6,449.96,647.92,584.45,371.65,1.08,0.58,0.79,-28.26,-6.18,-12.38,30.88,A
717.66,664.82,332.62,578.33,691.39,0.04,-0.03,-0.99,31.13,-17.73,-13.45,30.8,SPACE
380.71,353.78,412.78,387.67,534.04,0.97,0.94,0.17,0.68,19.01,29.4,30.82,B
618.48,360.19,718.35,366.13,577.78,0.68,0.44,0.2,6.01,-28.86,-26.31,31.0,E
627.97,484.91,659.24,543.84,345.95,0.91,0.45,0.7,-14.92,6.0,-1.18,30.97,A
623.07,602.96,633.06,689.1,620.03,0.51,0.67,0.5,23.89,18.15,-1.33,30.67,C
414.06,569.1,393.45,375.37,652.53,-0.45,-0.72,0.0,19.5,-3.12,-18.31,31.09,D
617.21,340.14,701.99,418.1,518.04,0.85,0.88,0.39,25.33,-25.61,-34.37,31.37,E
369.14,425.3,397.82,388.57,516.42,0.81,1.13,0.07,4.03,25.64,23.17,30.58,B
596.82,636.8,575.62,688.58,610.23,0.68,0.45,0.61,4.41,23.85,-4.59,31.04,C
399.3,405.26,347.69,426.14,568.85,1.21,1.03,0.06,14.98,30.01,31.64,30.72,B
657.67,632.48,313.99,598.88,649.42,0.24,0.16,-1.0,29.31,-25.14,-13.1,31.04,SPACE
395.3,555.76,383.58,384.77,635.52,-0.7,-0.91,0.26,25.7,-4.37,-25.36,30.84,D
412.27,642.45,359.4,374.66,670.29,-0.46,-0.82,-0.32,24.58,2.42,-19.2,30.65,D
415.73,403.01,396.0,423.89,542.77,0.93,0.74,0.07,13.74,15.61,29.17,31.1,B
422.16,452.45,431.53,320.6,597.08,-0.73,-0.42,-0.85,26.17,12.32,31.16,30.85,DELETE
600.48,631.33,596.39,707.93,593.03,0.74,0.9,0.43,24.0,28.88,-8.82,30.67,C
707.9,624.54,329.5,566.13,635.81,0.06,0.17,-0.94,22.63,-23.9,-12.87,31.01,SPACE
366.01,438.17,391.06,408.33,531.39,1.1,0.85,-0.11,9.46,24.6,27.64,30.76,B
415.93,427.8,370.69,330.69,603.89,-0.8,-0.24,-0.67,24.83,11.22,29.65,30.61,DELETE
386.73,595.63,372.52,267.91,668.55,-0.42,-1.26,0.23,,-5.75,-22.35,30.3,D
607.93,682.35,626.77,698.68,572.45,0.61,0.63,0.5,15.72,21.4,-7.43,30.5,C
429.9,558.35,339.85,382.57,646.63,-0.47,-0.91,0.03,26.27,-4.98,-18.39,31.43,D
589.85,357.9,709.53,336.02,559.01,0.79,0.84,0.24,16.09,-21.05,-25.7,31.03,E
391.89,526.47,332.87,364.7,650.3,-0.44,-0.88,-0.13,18.12,-3.57,-16.68,31.01,D
602.56,397.86,676.89,349.43,551.12,0.93,0.3,0.6,15.57,-18.46,-30.14,30.44,E
573.4,442.48,618.51,588.94,315.03,0.89,0.72,0.52,-18.63,-7.64,-8.78,30.71,A
378.16,417.29,349.98,411.82,506.39,1.02,0.75,0.13,13.46,17.68,20.29,30.35,B
580.13,623.35,678.94,679.0,604.25,0.48,0.68,0.32,15.9,31.31,0.87,31.17,C
411.91,614.02,384.99,332.5,716.97,-0.79,-0.74,0.01,27.07,-13.88,-19.18,30.92,D
399.41,393.21,421.6,377.35,553.86,1.16,1.01,0.03,10.34,7.29,27.49,30.97,B
587.29,638.1,569.16,676.75,586.19,0.54,0.73,0.64,13.57,27.5,-6.66,30.91,C
561.27,374.2,695.41,380.44,526.01,0.69,0.6,0.3,14.08,-25.89,-24.91,30.81,E
624.54,665.11,319.24,614.36,674.49,0.27,0.19,-0.79,20.37,-34.49,-8.34,30.76,SPACE
660.04,629.3,301.54,645.95,671.46,0.41,0.41,-0.97,23.48,-26.99,-16.98,30.94,SPACE
604.58,339.64,694.79,333.72,537.05,0.75,0.72,0.09,13.0,-19.09,-24.88,30.77,E
419.32,447.76,399.56,340.29,585.98,-0.56,-0.37,-0.4,27.13,19.62,30.18,30.94,DELETE
583.63,311.35,654.95,403.48,514.02,0.8,0.76,0.52,11.93,-23.97,-29.06,30.81,E
440.69,436.42,338.93,348.63,619.02,-0.67,-0.32,-0.85,33.72,16.58,14.45,31.05,DELETE
657.55,655.04,297.07,618.3,627.58,-0.03,0.18,-0.94,22.72,-30.46,-1.76,31.05,SPACE
393.85,563.64,395.08,377.73,641.82,-0.79,-1.05,-0.21,18.01,-2.95,-23.34,31.21,D
400.17,623.1,378.23,362.82,668.82,-0.38,-1.21,-0.12,20.58,-12.53,-23.97,30.61,D
628.15,377.65,686.56,363.49,507.22,0.86,0.5,0.24,17.56,-20.68,-36.83,31.26,E
661.83,632.47,347.34,632.79,633.31,0.56,-0.01,-0.72,22.11,-29.73,-13.24,30.99,SPACE
489.93,434.62,394.23,348.03,605.75,-0.52,-0.44,-0.77,30.69,8.62,34.56,31.24,DELETE
428.96,426.97,404.44,391.14,533.75,0.95,0.86,0.01,9.33,17.76,21.94,30.59,B
408.33,436.56,382.81,364.72,519.64,1.12,0.9,-0.05,-0.77,30.36,30.1,31.23,B
364.55,558.59,365.03,365.07,658.69,-0.32,-0.98,-0.06,26.84,-9.24,-15.11,31.05,D
689.76,622.48,275.24,583.86,638.08,0.52,0.2,-0.77,19.94,-28.11,-11.35,31.33,SPACE
394.61,425.74,354.93,416.88,589.8,1.08,1.2,0.08,7.98,23.5,21.9,30.71,B
676.05,642.59,317.25,628.67,700.11,0.41,0.18,-1.23,20.62,-31.01,-11.84,30.8,SPACE
619.78,515.97,646.71,553.89,334.93,0.95,0.32,0.53,-26.02,1.64,-7.58,30.92,A
569.78,483.09,668.83,537.49,337.47,0.99,0.48,0.29,-23.94,-4.61,-8.49,30.83,A
641.56,624.37,603.46,697.27,611.81,0.64,0.71,0.44,10.2,26.13,-6.99,30.48,C
606.32,666.47,635.53,683.52,624.93,0.91,0.42,0.55,22.9,24.79,-7.54,31.28,C
385.43,538.61,356.62,405.17,638.68,-0.83,-0.94,0.08,29.98,-8.67,-19.09,31.22,D
395.34,537.68,397.94,387.45,634.01,-0.72,-0.89,-0.04,19.09,-13.71,-20.62,30.89,D
660.12,671.36,303.15,584.79,667.28,-0.02,0.33,-1.05,19.0,-28.28,-10.99,30.9,SPACE
612.87,482.01,682.56,569.9,314.14,0.88,0.59,0.34,-19.13,-5.67,-2.01,30.28,A
388.62,529.84,402.34,375.96,699.39,-0.52,-1.08,-0.01,22.37,-2.81,-20.12,31.05,D
614.46,470.11,633.84,586.15,331.36,0.94,0.53,0.47,-19.65,11.59,-16.64,31.1,A
390.28,552.7,401.07,412.29,662.81,-0.72,-0.87,0.01,20.81,-8.75,-24.52,31.08,D
622.92,670.16,614.5,720.09,620.51,0.64,0.46,0.52,20.84,31.53,-6.17,30.73,C
431.0,559.64,358.92,381.89,673.99,-0.92,-0.85,-0.0,16.47,-20.86,-22.99,31.43,D
587.55,357.88,700.01,379.2,596.49,0.85,0.83,0.17,4.55,-23.71,-37.41,31.0,E
394.57,531.99,336.55,364.37,680.09,-0.71,-1.04,0.19,29.52,-4.16,-26.58,30.85,D
677.34,658.51,321.64,652.73,688.67,0.13,-0.01,-0.82,21.08,-34.36,-9.05,30.92,SPACE
677.53,617.85,325.49,569.22,678.28,-0.04,0.25,-1.13,19.44,-22.74,-10.05,30.51,SPACE
629.03,477.2,671.62,590.63,316.19,1.01,0.38,0.7,-22.56,-3.9,-11.16,31.37,A
674.49,641.81,377.78,634.0,701.35,0.34,0.14,-0.82,19.62,-19.06,-9.17,31.08,SPACE
568.61,715.32,618.12,669.25,600.7,0.71,0.79,0.74,20.05,23.38,2.45,30.79,C
587.28,668.4,609.12,702.78,573.61,0.56,0.99,0.43,14.23,33.24,-0.08,31.17,C
717.11,622.54,332.17,578.73,660.88,0.51,0.13,-0.95,16.65,-21.48,-27.51,30.87,SPACE
379.58,550.96,444.81,388.17,617.2,-0.58,-1.1,0.14,20.71,-12.64,-14.26,31.17,D
620.09,664.13,580.57,740.18,615.15,0.65,0.56,0.5,9.75,29.58,-6.26,31.11,C
396.32,425.24,365.78,301.02,643.09,-0.57,-0.76,-0.73,33.07,13.06,33.28,30.74,DELETE
428.16,485.3,392.69,334.93,618.59,-0.55,-0.5,-0.61,25.96,16.13,21.84,31.03,DELETE
685.6,686.82,284.04,580.06,689.19,-0.16,0.28,-0.75,18.48,-29.37,-16.56,30.84,SPACE
387.2,403.06,384.44,416.84,537.86,1.08,1.0,0.18,8.81,25.52,30.33,30.76,B
623.29,497.94,593.5,536.89,342.93,0.84,0.72,0.52,-31.99,-9.32,-21.5,30.93,A
557.92,399.91,694.87,384.35,557.01,0.74,0.53,0.39,11.41,-17.27,-30.31,31.31,E
434.85,574.65,354.92,361.75,644.12,-0.62,-1.08,0.12,32.43,-10.75,-29.03,30.6,D
384.58,560.2,337.17,398.46,672.86,-0.59,-0.88,0.01,19.14,-14.52,-15.86,31.23,D
463.91,426.86,383.2,319.06,613.98,-0.32,-0.06,-0.52,33.93,25.44,27.04,31.47,DELETE
609.8,495.42,647.95,562.55,368.33,1.19,0.6,0.72,-16.1,2.67,-4.68,31.18,A
415.29,443.85,351.46,333.85,617.11,-0.25,-0.7,-0.68,34.93,15.65,24.94,30.75,DELETE
393.9,368.35,395.67,405.5,527.6,0.87,0.9,0.03,8.8,24.62,31.38,30.91,B
633.6,651.6,635.37,670.01,578.67,0.53,0.7,0.47,15.79,21.01,-7.82,30.99,C
376.92,430.95,395.82,408.6,560.16,1.12,0.96,-0.05,14.02,25.47,17.94,30.91,B
632.81,653.59,352.66,558.08,654.88,0.04,0.16,-0.75,19.13,-27.45,-3.91,31.14,SPACE
423.79,408.74,420.21,360.53,589.91,-0.56,-0.47,-0.81,19.16,13.51,24.01,30.57,DELETE
601.18,523.18,644.33,622.79,335.34,0.97,0.58,1.05,-18.06,-6.51,-2.91,30.89,A
398.5,407.15,411.33,403.65,533.29,1.09,0.87,0.06,6.78,13.67,21.37,31.47,B
592.01,472.57,602.92,520.34,361.24,0.8,0.45,0.36,-29.36,-3.85,-11.4,31.11,A
590.5,642.75,571.08,690.31,635.15,0.74,0.46,0.23,26.43,25.63,-4.72,30.92,C
592.39,384.73,717.71,350.71,538.27,1.03,0.5,0.57,6.23,-23.67,-34.17,31.66,E
592.41,679.74,554.1,695.51,600.74,0.6,1.02,0.45,16.07,26.21,-11.5,30.77,C
612.37,465.84,680.37,591.61,304.88,1.05,0.41,0.49,-20.74,-5.44,-3.29,30.77,A
430.78,419.43,429.74,324.65,599.56,-0.58,-0.62,-0.71,27.33,20.52,23.85,30.62,DELETE
430.51,470.79,410.19,330.7,570.01,-0.41,-0.41,-0.57,38.17,12.74,11.42,30.68,DELETE
681.74,694.99,309.82,578.76,643.16,0.39,0.37,-0.99,10.68,-30.59,-8.45,30.98,SPACE
588.81,479.2,643.01,586.02,364.78,0.69,0.67,0.57,-23.33,-10.33,-5.24,30.28,A
412.89,464.25,407.96,346.05,632.9,-0.83,-0.2,-0.67,34.72,6.69,27.08,30.83,DELETE
600.9,337.23,754.3,374.29,531.65,1.0,0.77,0.49,9.62,-20.36,-35.35,31.2,E
399.35,428.39,405.96,429.28,535.17,1.05,1.03,0.04,5.69,32.67,23.72,30.8,B
624.36,436.01,680.34,588.16,358.84,0.87,0.64,0.73,-21.15,-1.8,-6.4,30.74,A
579.01,406.68,688.26,336.52,541.65,0.72,0.86,0.3,12.17,-18.99,-34.44,30.61,E
415.82,435.86,437.16,400.4,481.61,0.96,1.1,-0.09,7.46,18.14,33.49,31.22,B
448.28,421.71,389.14,351.59,595.41,-0.35,-0.42,-0.66,18.45,14.99,27.65,31.52,DELETE
641.85,651.22,322.81,679.36,634.97,0.22,-0.01,-0.97,19.63,-22.99,-13.44,30.94,SPACE
585.88,668.74,563.69,683.36,652.87,0.61,0.63,0.33,19.79,22.4,-2.42,31.25,C
403.58,448.41,395.67,329.71,676.54,-0.54,-0.48,-0.7,23.64,20.29,22.36,30.83,DELETE
408.75,384.14,429.15,476.58,542.14,1.07,0.91,-0.22,5.33,16.13,18.74,31.52,B
369.56,536.38,356.61,369.69,612.73,-0.61,-0.86,0.16,19.6,-10.64,-22.46,31.51,D
570.27,441.0,630.14,547.72,347.93,0.88,0.88,0.31,-21.3,-8.62,-10.22,31.04,A
344.37,453.34,406.59,362.29,,1.1,0.94,-0.02,15.35,16.36,21.99,31.06,B
600.04,445.66,655.61,567.21,337.98,1.02,0.59,0.67,-22.81,-5.09,-8.15,30.49,A
661.52,679.82,294.9,596.62,658.92,0.14,0.24,-0.84,23.53,-32.1,-19.42,31.08,SPACE
400.8,534.01,379.28,381.29,716.53,-0.49,-0.86,0.04,22.58,-15.46,-31.01,30.74,D
442.61,409.38,381.72,380.27,591.5,-0.46,-0.42,-0.47,29.97,14.71,26.13,31.02,DELETE
695.6,640.05,306.88,598.51,689.39,0.32,0.16,-0.78,22.06,-30.08,-14.73,31.12,SPACE
598.8,413.01,600.84,558.12,323.73,0.89,0.53,0.53,-17.07,-6.36,-12.06,31.14,A
577.93,427.44,658.89,328.95,553.88,1.1,0.69,0.45,2.95,-24.45,-38.79,31.23,E
375.29,605.18,378.08,430.65,640.43,-0.68,-1.06,0.02,12.89,-7.02,-20.69,30.98,D
368.8,424.67,407.81,427.49,551.79,1.16,0.98,0.1,10.9,22.31,23.99,30.9,B
594.11,459.14,629.3,606.43,353.39,1.21,0.86,0.42,-21.96,-8.86,-11.64,30.81,A
677.02,669.5,350.67,596.2,672.99,0.33,0.14,-1.08,17.33,-28.42,-7.88,31.38,SPACE
366.7,439.27,424.44,380.26,545.31,0.97,1.06,0.09,14.32,21.98,25.14,31.33,B
380.89,379.04,389.61,408.12,522.99,0.95,0.98,-0.04,11.8,28.78,23.65,31.15,B
368.75,468.72,411.92,422.97,492.77,0.86,1.17,0.1,-1.23,26.79,23.26,31.42,B
581.62,392.32,640.97,345.79,519.15,0.87,0.63,0.27,12.06,-21.84,-26.72,31.04,E
620.9,483.57,649.4,618.39,310.98,0.94,0.69,0.76,-29.42,-4.54,-0.96,31.15,A
399.22,460.41,383.67,317.97,607.89,-0.47,-0.42,-0.74,29.12,16.61,20.1,30.91,DELETE
427.93,462.86,383.23,363.22,644.34,-0.62,-0.2,-0.63,28.74,17.36,26.14,30.21,DELETE
607.1,396.09,675.33,358.1,563.45,1.08,0.55,0.22,23.84,-21.47,-20.3,31.06,E
651.47,623.36,577.8,674.95,641.9,0.86,0.64,0.47,14.03,30.53,-3.39,30.92,C
354.74,438.32,412.48,389.64,493.42,0.88,0.97,0.23,3.16,21.18,29.35,30.29,B
572.02,401.44,629.85,639.46,348.54,0.87,0.59,0.34,-23.8,-2.48,-8.18,31.24,A
661.14,644.1,304.69,613.56,660.68,0.41,0.17,-1.05,12.92,-28.08,-17.54,30.6,SPACE
640.4,406.1,634.75,549.45,357.79,0.85,0.58,0.66,-13.13,-3.99,-5.87,30.55,A
567.44,369.57,681.41,354.54,521.0,0.81,0.74,0.28,3.61,-25.68,-37.02,31.07,E
596.55,464.67,631.46,598.72,375.13,0.88,0.46,0.62,-23.54,1.78,-19.01,30.75,A
389.07,551.44,334.73,382.86,656.75,-0.83,-0.99,-0.29,26.4,-14.29,-22.48,30.57,D
643.98,652.97,305.07,613.25,681.49,0.04,0.23,-0.93,24.09,-23.06,-8.8,30.91,SPACE
681.8,611.38,340.07,605.27,695.41,0.23,0.21,-0.83,18.05,-30.75,-8.82,30.99,SPACE
408.32,571.01,355.86,384.8,676.75,-0.72,-0.91,-0.03,18.53,-7.83,-25.09,31.12,D
436.88,366.07,374.05,305.09,646.1,-0.59,-0.52,-0.64,25.52,14.85,26.28,30.87,DELETE
630.64,666.67,571.96,709.08,,0.48,0.7,0.54,22.62,28.57,1.17,30.7,C
617.78,518.74,605.09,600.54,329.46,0.94,0.36,0.52,-15.81,-0.06,0.91,31.35,A
387.5,531.51,364.41,373.11,643.65,-0.67,-0.85,0.11,24.53,-11.64,-25.15,30.69,D
384.77,576.84,354.42,361.43,652.98,-0.88,-0.9,0.17,21.37,-11.45,-20.44,30.39,D
481.95,428.93,363.84,329.71,609.79,-0.64,-0.04,-0.59,30.81,14.55,22.91,31.31,DELETE
634.0,364.49,673.22,396.53,553.35,0.91,0.57,0.36,7.5,-18.78,-22.53,31.49,E
448.62,459.05,396.81,338.53,629.7,-0.4,-0.64,-0.6,27.57,14.9,32.27,30.78,DELETE
440.39,449.64,398.29,307.39,614.59,-0.55,-0.36,-0.49,29.25,10.48,26.33,31.78,DELETE
612.54,703.95,604.89,677.76,572.12,0.79,0.4,0.54,22.2,28.26,-2.59,31.17,C
594.09,487.33,630.1,568.66,371.74,0.8,0.16,0.81,-9.57,-5.0,-17.44,30.91,A
567.84,603.04,564.22,674.49,572.3,0.75,0.48,-0.01,12.89,23.72,-4.51,31.46,C
664.7,668.86,286.49,576.12,661.86,0.03,0.14,-0.97,27.91,-26.5,-6.04,31.09,SPACE
425.8,480.31,389.2,317.66,630.71,-0.64,-0.35,-0.57,27.55,19.69,18.36,31.05,DELETE
604.46,345.23,672.09,374.58,576.54,0.88,0.6,0.33,7.25,-15.4,-28.49,30.8,E
381.34,440.38,361.08,339.73,615.53,-0.41,-0.27,-0.57,32.8,15.11,39.91,30.63,DELETE
354.03,394.21,402.33,375.63,530.08,1.15,0.79,0.02,13.47,19.51,23.11,31.35,B
605.65,367.05,720.62,398.55,513.88,0.81,0.8,0.28,10.46,-16.9,-23.9,30.87,E
657.17,645.01,358.19,683.58,699.11,0.16,0.3,-0.81,16.74,-33.52,-11.51,31.24,SPACE
585.78,418.65,682.61,360.15,557.75,0.67,0.77,0.38,19.28,-17.5,-22.92,30.97,E
597.12,695.13,595.25,704.19,651.61,0.62,0.94,0.46,27.02,29.83,0.05,30.98,C
610.03,641.11,621.22,675.65,569.09,0.69,0.67,0.41,24.24,21.83,0.08,31.02,C
364.64,601.74,343.01,414.65,664.82,-0.65,-1.01,0.1,21.69,-12.29,-18.83,30.96,D
369.61,405.97,406.4,426.31,540.96,1.18,0.97,0.0,21.86,23.57,22.38,30.79,B
656.5,454.22,636.25,542.36,322.9,1.0,0.7,0.46,-25.58,-13.71,-8.57,30.68,A
395.71,473.03,376.53,342.23,637.05,-0.45,-0.76,-0.53,27.99,15.22,25.25,30.52,DELETE
430.13,601.13,432.47,396.59,655.77,-0.56,-1.05,0.02,18.52,-8.45,-25.57,30.79,D
576.71,362.92,720.15,320.85,506.71,0.82,0.55,0.25,6.61,-20.88,-30.17,31.16,E
397.43,577.82,352.68,357.6,632.42,-0.78,-0.96,0.02,20.81,-12.56,-24.07,31.75,D
614.13,612.1,579.29,705.23,547.79,0.7,0.51,0.48,12.72,28.2,-1.39,31.42,C
600.21,494.46,652.91,548.08,373.73,0.88,0.27,0.42,-27.42,-2.72,-9.12,30.9,A
563.09,478.03,666.71,623.89,350.58,0.9,0.39,0.57,-23.81,-8.05,2.49,31.54,A
423.69,570.12,381.49,370.43,651.49,-0.8,-0.83,-0.1,29.19,-12.02,-22.21,31.23,D
355.61,441.59,390.02,379.44,527.55,1.03,0.91,0.14,5.43,24.7,28.19,30.98,B
391.18,405.42,427.82,396.93,522.44,1.13,0.9,0.05,0.44,25.12,35.68,31.22,B
557.06,621.36,584.58,718.0,592.68,0.64,0.96,0.51,19.8,24.23,-4.47,30.34,C
530.2,666.99,591.76,686.64,644.05,0.6,0.56,0.44,20.18,23.87,-9.36,30.74,C
438.65,463.07,398.48,338.18,603.43,-0.4,-0.28,-0.65,27.91,24.82,25.69,31.02,DELETE
364.09,418.9,398.77,348.67,538.37,0.85,1.05,-0.14,8.49,20.18,27.49,31.04,B
593.85,627.82,597.18,663.29,611.9,0.79,1.04,0.37,16.77,23.2,-0.43,31.11,C
587.17,351.43,712.42,388.23,562.63,0.89,0.68,0.37,14.45,-19.24,-28.4,31.25,E
608.91,358.88,681.29,395.22,555.64,0.7,0.69,-0.06,10.06,-17.14,-30.05,31.04,E
428.02,569.56,325.11,374.77,656.56,-0.88,-1.02,-0.21,24.8,-9.61,-30.54,31.11,D
618.71,372.45,710.28,383.25,544.77,0.84,0.45,0.39,13.14,-24.02,-23.03,30.57,E
425.77,444.73,346.23,315.96,638.69,-0.51,-0.38,-0.62,39.45,14.71,33.82,31.04,DELETE
400.72,600.55,382.77,352.95,668.66,-0.61,-1.08,0.13,20.96,-17.49,-20.03,31.07,D
549.97,668.7,609.61,709.53,566.01,0.97,0.57,0.49,22.38,21.15,-4.22,31.05,C
602.75,375.58,703.54,398.04,510.26,0.81,0.77,0.37,15.23,-8.18,-26.35,31.34,E
598.93,381.72,693.4,358.33,518.05,0.98,0.89,0.21,15.7,-19.79,-29.38,30.54,E
556.21,646.85,612.51,674.04,609.26,0.54,0.77,0.62,19.47,16.82,-6.32,31.17,C
607.72,675.21,585.54,711.56,606.64,0.45,0.95,0.24,20.21,28.03,-0.11,30.85,C
571.19,485.29,646.0,575.26,377.38,0.86,0.83,0.54,-28.7,-2.63,-13.13,30.77,A
368.78,417.15,423.74,302.47,638.08,-0.41,-0.54,-0.94,25.65,27.25,21.48,30.76,DELETE
418.26,563.41,384.39,364.3,672.46,-0.73,-1.07,-0.06,15.78,-0.49,-22.79,31.19,D
596.54,373.57,686.09,372.71,494.38,0.75,0.62,0.17,21.08,-21.85,-28.54,30.86,E
646.42,506.2,571.76,571.01,333.55,0.69,0.54,0.76,-27.75,-1.29,-12.33,30.8,A
574.4,605.75,575.25,697.04,581.14,0.76,0.39,0.14,24.97,30.6,-6.73,31.0,C
645.46,481.65,639.66,589.76,339.22,0.97,0.46,0.36,-30.03,0.29,-9.14,30.82,A
414.51,513.27,393.03,318.96,581.56,-0.32,-0.49,-0.76,30.17,20.11,28.96,31.01,DELETE
432.7,447.36,418.08,330.52,636.71,-0.77,-0.68,-0.98,32.42,20.23,30.28,30.8,DELETE
654.83,625.88,348.73,588.91,673.27,0.01,0.12,-0.76,17.78,-23.14,-22.84,30.83,SPACE
596.22,417.93,681.77,383.71,551.98,0.7,0.7,0.3,8.66,-20.16,-28.69,30.98,E
616.28,455.23,633.06,563.64,334.15,1.11,0.55,0.55,-27.49,-11.35,-10.18,30.98,A
554.76,614.06,603.65,746.43,616.23,0.45,0.2,0.57,17.63,31.79,-5.89,31.11,C
402.25,594.9,411.35,396.62,686.26,-0.59,-0.71,0.28,26.52,-6.91,-23.34,30.99,D
618.2,492.26,626.23,601.39,378.39,0.81,0.39,0.77,-23.27,4.04,-9.96,31.44,A
403.71,349.71,405.31,393.2,565.68,0.91,1.08,-0.01,8.91,25.28,23.66,31.3,B
528.07,644.02,599.1,717.52,554.59,0.88,0.79,0.65,17.84,31.15,-8.84,31.21,C
424.96,409.94,390.69,286.54,601.48,-0.6,-0.39,-0.35,31.35,24.1,29.02,31.34,DELETE
596.5,686.67,584.33,696.95,569.14,0.95,0.65,0.47,24.88,29.39,-5.87,30.81,C
436.03,536.2,351.01,375.74,666.34,-0.97,-1.2,0.08,12.02,-12.67,-21.5,31.12,D
401.14,472.09,383.06,318.22,651.36,-0.43,-0.57,-0.82,34.28,16.95,18.05,30.47,DELETE
411.98,427.54,427.21,298.64,628.15,-0.26,-0.33,-0.84,22.09,13.1,26.58,31.07,DELETE
441.88,450.23,378.82,334.81,620.14,-0.46,-0.32,-0.75,21.16,17.28,17.06,30.9,DELETE
597.79,372.44,687.87,368.1,523.65,1.26,0.45,0.21,10.4,-11.75,-36.02,31.13,E
408.54,418.05,367.84,384.82,538.86,1.17,1.22,0.17,9.78,25.34,22.64,30.95,B
580.14,661.34,612.74,718.54,619.58,0.79,0.65,0.5,23.43,22.82,-4.63,31.05,C
605.09,465.97,679.98,551.27,315.3,1.05,0.46,0.57,-23.13,-1.29,-0.71,31.03,A
642.17,388.73,683.09,392.26,523.97,0.88,0.47,0.14,13.19,-20.11,-37.93,31.15,E
585.77,619.5,619.99,697.21,623.95,0.82,0.45,0.25,14.33,20.8,2.29,31.11,C
643.29,654.77,342.75,590.54,689.25,-0.03,0.05,-1.22,16.87,-19.68,-0.9,31.07,SPACE
345.67,408.76,432.34,357.4,500.99,0.83,0.97,-0.0,15.34,26.37,28.45,31.04,B
368.31,387.82,392.68,374.73,541.35,0.99,1.05,0.13,11.36,19.73,36.58,31.07,B
583.13,442.49,631.28,589.45,335.11,0.85,0.42,0.47,-26.71,8.43,-6.26,31.27,A
367.57,567.71,386.97,363.63,690.96,-0.81,-1.0,-0.16,26.72,0.05,-31.12,30.9,D
619.23,456.47,615.63,608.73,344.24,1.02,0.26,0.71,-20.04,-8.53,-10.11,31.08,A
593.68,653.53,655.64,705.31,542.29,0.75,0.67,0.47,19.34,25.94,-1.75,31.18,C
615.53,403.85,688.79,394.67,505.65,0.65,0.48,0.3,18.94,-24.96,-31.8,30.94,E
415.35,416.46,360.29,335.38,623.68,-0.73,-0.32,-0.52,33.37,18.36,28.98,31.66,DELETE
665.38,644.49,298.69,613.31,680.38,0.27,0.22,-0.66,18.24,-20.81,-14.86,31.33,SPACE
607.36,626.82,588.13,725.07,626.11,0.6,0.55,0.36,21.77,21.08,0.3,31.22,C
587.8,610.3,578.34,687.05,568.35,0.76,0.78,0.38,15.92,28.77,-5.06,30.77,C
403.95,579.98,346.99,395.39,629.04,-0.79,-1.04,-0.16,26.84,-15.29,-25.8,31.38,D
700.13,628.44,307.76,574.53,631.56,0.29,0.23,-0.72,26.57,-15.23,-11.56,30.92,SPACE
343.52,366.84,368.69,372.32,529.11,0.81,0.88,-0.06,6.14,28.21,29.29,31.0,B
677.17,633.42,319.04,624.65,655.01,-0.05,0.01,-0.91,12.04,-28.7,-18.15,31.49,SPACE
607.12,469.45,591.0,556.59,331.09,0.85,0.73,0.55,-15.87,-2.67,-7.57,30.97,A
628.32,351.0,685.88,395.84,540.82,0.62,0.75,0.24,20.63,-24.98,-24.16,31.53,E
606.64,505.91,576.62,588.85,376.71,0.78,0.47,0.46,-26.78,-4.61,-0.61,31.55,A
430.8,439.24,390.6,311.74,630.42,-0.46,-0.24,-0.64,26.43,20.81,21.82,31.33,DELETE
349.45,449.84,391.65,407.83,501.0,1.07,0.88,0.07,6.92,31.22,35.89,31.01,B
657.86,630.89,343.67,626.65,668.14,0.12,0.24,-0.94,20.16,-29.78,-6.56,31.07,SPACE
576.21,666.75,623.9,723.27,605.26,1.19,0.82,0.51,13.73,25.6,5.64,31.51,C
399.41,379.83,416.56,378.03,568.29,1.14,1.02,0.08,7.3,24.99,24.12,31.07,B
619.51,489.44,627.88,603.63,366.61,1.17,0.6,0.78,-31.72,-4.57,-12.09,31.04,A
674.56,664.97,319.98,626.47,666.64,0.17,0.23,-1.11,22.53,-34.93,-16.33,30.39,SPACE
379.82,582.58,322.34,338.15,643.35,-0.73,-1.18,-0.09,19.76,-12.41,-21.55,30.8,D
622.33,615.74,596.75,673.63,595.06,0.95,0.45,0.22,13.97,27.52,1.62,31.13,C
375.91,365.15,431.05,405.48,560.6,1.03,1.05,0.11,11.83,32.99,30.83,30.53,B
341.66,386.46,424.2,352.4,513.82,0.93,1.24,0.17,5.56,28.12,22.27,31.3,B
369.03,454.14,398.65,408.3,524.49,0.85,0.76,0.15,4.42,36.9,20.55,30.62,B
421.28,559.04,383.18,420.29,701.65,-0.53,-0.96,-0.03,24.64,-2.07,-20.14,31.14,D
378.89,579.9,360.87,389.86,640.35,-0.89,-0.7,0.23,26.18,-12.38,-23.81,31.41,D
588.28,531.28,668.33,603.23,338.37,0.92,0.49,0.63,-15.31,-2.07,-12.31,31.25,A
687.13,645.18,295.96,629.09,680.52,0.02,0.17,-0.44,21.44,-30.93,-16.23,31.53,SPACE
441.71,559.15,358.18,399.01,618.54,-0.74,-1.03,-0.02,26.01,-7.67,-26.05,31.04,D
381.52,565.9,354.96,349.44,656.14,-0.77,-1.11,-0.22,13.94,-12.3,-22.74,30.74,D
585.99,368.65,723.53,362.31,512.03,1.24,0.5,0.29,14.66,-20.61,-30.37,30.94,E
604.87,464.94,670.41,608.91,333.41,0.63,0.61,0.66,-20.77,1.93,-13.58,31.6,A
597.29,461.04,660.81,585.34,353.96,0.95,0.6,0.51,-11.16,-10.82,-1.45,31.41,A
402.66,584.84,362.88,457.14,655.48,-0.67,-1.22,-0.08,27.5,-17.12,-33.1,31.01,D
406.3,449.11,456.25,347.64,613.69,-0.62,-0.64,-0.53,31.89,14.53,31.86,31.01,DELETE
590.02,417.54,619.35,556.07,332.64,1.12,0.49,0.42,-22.6,2.27,-12.63,30.73,A
637.5,400.01,705.83,368.76,574.27,1.04,0.84,0.36,11.18,-18.11,-25.34,30.94,E
430.89,407.61,381.99,337.77,642.87,-0.64,-0.22,-0.49,26.35,11.32,18.57,31.08,DELETE
592.34,674.2,587.92,721.55,615.21,0.7,0.62,0.82,14.02,27.57,-5.24,31.54,C
412.31,385.97,428.01,383.83,539.47,1.03,1.05,0.1,4.12,14.85,30.34,31.06,B
590.44,498.06,661.92,574.96,321.35,1.03,0.55,0.35,-22.65,-1.67,-12.25,31.06,A
607.24,728.81,573.54,679.67,612.21,0.76,0.96,0.36,22.63,31.89,2.04,30.71,C
380.77,426.77,463.47,442.15,560.96,0.93,0.85,0.17,2.84,20.41,25.4,31.48,B
589.77,476.22,657.7,594.4,376.47,1.14,0.37,0.82,-24.97,2.25,-7.41,30.88,A
630.48,666.41,328.72,619.02,640.13,0.3,0.23,-0.89,17.95,-21.27,-0.94,30.67,SPACE
621.91,333.65,657.01,400.54,542.28,0.87,0.5,0.31,7.2,-16.01,-15.78,31.15,E
698.76,608.25,351.31,539.32,658.6,0.52,0.15,-0.9,25.18,-35.8,-10.83,31.02,SPACE
405.26,424.26,375.5,367.7,515.18,1.07,1.08,-0.15,3.44,17.98,24.19,30.59,B
592.93,632.92,610.75,721.68,581.07,0.7,0.79,0.17,17.82,23.93,-2.16,30.85,C
686.04,599.82,319.69,590.85,692.51,0.34,0.3,-0.68,19.52,-20.54,-16.41,30.68,SPACE
607.72,650.46,592.14,670.64,608.44,0.52,0.73,0.85,24.86,29.67,-1.92,30.42,C
591.47,672.29,595.74,691.55,577.31,0.86,0.55,0.51,17.75,20.82,-4.53,31.41,C
449.77,453.12,401.67,318.03,620.43,-0.72,-0.45,-1.02,20.65,15.25,37.67,30.46,DELETE
581.36,635.12,642.07,687.53,619.8,0.48,0.64,0.21,12.83,30.28,-1.74,30.9,C
598.51,474.56,654.5,571.34,327.43,0.97,0.23,0.64,-22.32,-2.78,-2.95,30.41,A
580.05,461.39,627.82,612.08,345.93,0.92,0.6,0.26,-22.53,7.01,-7.09,31.02,A
674.49,653.03,375.1,602.93,645.04,0.24,0.15,-0.84,21.5,-33.52,-19.37,31.08,SPACE
626.59,637.44,295.55,587.62,699.87,0.15,0.31,-0.68,21.22,-22.25,-8.53,31.03,SPACE
615.46,439.96,654.6,558.78,305.61,1.06,0.56,0.48,-15.06,-5.18,-7.59,31.08,A
589.08,615.26,576.28,706.76,647.85,0.76,0.61,0.58,16.91,24.19,-6.28,31.42,C
467.23,367.36,390.72,357.17,611.46,-0.59,-0.47,-0.55,22.75,22.81,25.51,30.72,DELETE
612.75,460.96,630.23,594.1,304.21,1.11,0.31,0.47,-12.7,2.66,-7.26,30.72,A
374.01,521.56,400.78,411.92,666.71,-0.84,-0.69,-0.05,20.42,-3.25,-19.02,31.66,D
576.87,683.78,588.7,715.85,585.48,0.64,0.63,0.65,8.66,19.5,-11.22,30.67,C
433.89,453.08,384.01,345.51,578.16,-0.65,-0.42,-0.98,26.98,15.04,24.28,30.83,DELETE
563.38,615.07,613.39,668.82,609.73,0.51,0.71,0.39,25.14,27.7,4.69,30.77,C
596.35,453.63,641.08,535.0,300.99,1.27,0.33,0.41,-13.13,11.55,-13.61,30.89,A
421.45,407.62,429.8,373.52,637.32,-0.55,-0.59,-0.74,38.21,13.4,14.02,31.31,DELETE
676.25,660.04,310.55,618.56,656.16,0.18,0.12,-0.74,19.96,-20.35,-2.27,30.78,SPACE
709.54,618.1,316.22,579.53,642.75,0.41,0.21,-0.99,18.77,-30.03,-13.56,30.62,SPACE
592.39,654.07,627.67,688.46,622.44,0.73,0.47,0.25,23.72,32.06,0.13,31.45,C
379.65,545.68,387.73,367.15,624.33,-0.71,-0.94,-0.29,21.56,-6.1,-20.05,31.67,D
587.71,377.87,731.66,360.4,562.75,0.59,0.59,0.3,22.55,-31.75,-29.9,31.44,E
658.01,503.2,619.39,587.64,327.49,0.91,0.55,0.67,-24.01,2.34,-13.46,31.0,A
369.35,416.45,399.47,409.98,588.14,0.91,1.04,0.21,8.83,33.29,24.09,31.1,B
397.19,396.35,400.88,365.15,568.23,0.88,1.29,0.05,13.48,21.33,25.82,30.82,B
679.03,666.2,363.14,601.89,672.71,0.38,0.13,-1.11,23.83,-28.25,-17.23,31.15,SPACE
613.82,362.75,683.73,330.97,525.46,1.03,0.68,0.18,19.11,-24.87,-22.32,31.42,E
404.2,447.36,391.47,345.43,603.76,-0.66,-0.41,-0.79,33.89,16.29,24.16,31.14,DELETE
419.99,408.02,395.57,335.27,608.33,-0.36,-0.52,-0.59,32.6,9.45,22.05,31.02,DELETE
411.38,400.71,384.77,375.29,506.37,0.71,1.09,0.32,15.47,13.47,29.6,31.43,B
625.29,411.64,679.54,346.53,510.82,1.05,0.83,0.28,5.95,-28.48,-28.57,31.16,E
423.64,367.36,435.7,428.56,494.35,0.94,1.14,0.14,1.8,24.65,15.29,30.93,B
603.57,369.18,735.32,352.66,549.53,0.92,0.57,0.17,11.16,-24.41,-36.71,30.8,E
590.3,364.26,725.87,397.07,563.61,0.66,0.79,0.37,4.57,-32.28,-24.23,30.95,E
393.82,561.5,332.16,396.63,629.8,-0.78,-0.96,0.02,13.23,-11.59,-18.33,30.89,D
628.77,683.23,321.57,600.48,669.21,0.41,0.09,-1.17,22.98,-37.43,-12.69,31.36,SPACE
634.65,489.0,676.87,575.08,320.27,0.92,0.56,0.6,-27.74,-2.52,-6.61,31.76,A
585.6,494.28,601.26,555.69,375.58,0.91,0.65,0.61,-22.84,3.84,-8.94,30.47,A
638.45,631.13,611.38,712.96,618.31,0.48,0.63,0.22,30.34,18.11,-6.73,30.69,C
395.31,401.7,388.4,423.63,503.93,0.85,1.0,0.2,14.53,18.27,30.66,30.76,B
688.63,607.82,305.3,591.14,683.59,0.41,0.61,-0.98,19.28,-24.27,-14.6,30.96,SPACE
445.45,449.12,384.71,310.0,612.38,-0.39,-0.51,-0.57,23.08,20.76,27.36,30.64,DELETE
320.51,403.89,409.41,392.82,581.36,0.99,1.17,0.09,12.47,22.99,32.82,31.02,B
646.52,461.99,654.99,532.17,384.23,1.04,0.49,0.66,-29.36,2.94,-9.37,30.94,A
558.82,371.41,662.46,371.53,580.8,0.79,0.68,0.41,2.59,-24.56,-27.6,30.13,E
588.18,348.76,725.73,366.22,602.1,0.8,0.96,0.27,19.61,-13.46,-34.53,30.85,E
343.02,389.7,356.66,405.58,529.93,0.92,1.28,0.14,11.97,16.94,20.98,31.01,B
556.75,682.62,593.52,731.08,603.04,0.92,0.7,0.59,21.7,29.2,0.25,30.93,C
642.63,631.32,330.5,625.34,639.46,0.21,0.17,-0.85,21.32,-29.95,-4.95,30.84,SPACE
465.61,452.51,359.71,322.09,654.92,-0.41,-0.57,-0.68,27.32,14.17,17.24,30.8,DELETE
644.0,648.78,296.75,570.29,646.75,0.1,0.14,-1.06,24.84,-31.13,-15.66,30.88,SPACE
607.3,345.48,714.32,364.57,527.68,0.81,0.56,0.43,5.84,-26.92,-31.06,31.48,E
605.13,380.11,713.6,370.88,521.27,0.99,0.92,0.21,3.75,-19.45,-31.08,30.96,E
444.19,570.94,355.78,395.6,676.88,-0.79,-0.93,0.14,15.96,-10.38,-27.88,30.7,D
539.87,653.05,590.84,659.7,628.88,0.51,0.78,0.36,26.12,29.83,-6.53,30.72,C
623.5,482.96,694.32,576.77,329.99,0.84,0.37,0.39,-26.76,-3.33,-6.08,31.02,A
399.03,425.4,381.73,340.07,616.25,-0.49,-0.66,-0.54,28.51,29.63,23.86,31.1,DELETE
390.39,418.44,388.43,416.03,513.47,1.06,1.06,-0.38,14.29,6.36,22.9,31.31,B
677.46,675.05,341.26,663.0,653.91,0.3,0.14,-0.77,21.05,-18.62,-13.84,31.42,SPACE
390.99,382.6,399.31,406.49,479.08,0.85,1.04,0.11,2.57,22.39,31.09,31.23,B
625.68,424.3,642.22,557.87,307.2,0.82,0.47,0.71,-28.95,-2.82,-10.17,30.9,A
379.65,565.76,297.28,350.52,652.61,-0.58,-1.25,-0.05,26.81,-17.7,-21.16,31.02,D
588.65,481.44,683.72,548.39,343.9,1.22,0.27,0.38,-24.43,-5.58,-3.69,31.07,A
401.98,423.92,392.97,415.27,588.84,0.95,1.04,0.24,14.04,21.66,14.06,31.16,B
413.35,454.01,438.7,285.25,672.87,-0.55,-0.38,-0.85,33.48,17.07,25.49,30.42,DELETE
399.44,557.46,361.72,399.99,635.12,-0.72,-0.96,0.13,21.26,-1.4,-23.09,30.93,D
570.86,425.88,696.45,399.54,562.09,0.78,0.59,0.51,20.24,-31.33,-26.67,30.96,E
625.86,333.67,730.84,398.34,510.4,0.48,0.65,0.46,20.89,-26.3,-20.66,30.33,E
391.08,555.48,338.43,373.89,637.64,-0.86,-0.68,0.07,24.63,-6.02,-18.46,30.88,D
392.99,445.47,400.37,402.27,559.59,0.84,1.4,0.11,10.25,24.22,35.36,31.24,B
637.31,638.07,317.75,571.57,678.29,0.17,0.15,-1.0,36.16,-30.53,-21.53,30.52,SPACE
661.39,369.82,710.96,380.77,558.04,0.9,0.69,0.31,10.05,-20.32,-19.28,31.36,E
346.21,419.25,385.54,395.88,510.36,0.96,1.26,-0.14,2.49,15.09,34.61,30.86,B
628.35,521.07,661.71,539.65,336.0,0.78,0.44,0.8,-19.13,-6.47,-12.82,31.01,A
661.3,647.5,314.58,583.41,695.65,-0.07,0.17,-0.98,23.46,-34.49,-13.69,30.97,SPACE
581.91,636.04,652.73,658.75,611.32,0.56,0.8,0.51,20.0,21.36,-5.32,31.28,C
391.21,461.61,353.63,285.67,638.73,-0.5,-0.36,-0.7,21.57,10.93,24.43,30.62,DELETE
582.04,629.9,642.03,694.84,633.5,0.62,0.7,0.45,9.62,33.22,-2.16,31.22,C
413.77,429.17,394.07,401.05,522.29,1.38,1.06,-0.02,10.67,16.54,33.5,30.8,B
613.59,502.46,622.3,587.27,337.02,1.0,0.4,0.33,-32.68,-8.56,-10.05,30.91,A
569.6,369.77,695.42,390.51,555.11,0.93,0.6,0.48,33.06,-18.49,-28.92,30.61,E
420.48,465.0,357.66,307.09,614.28,-0.2,-0.54,-0.56,29.79,13.91,26.6,30.87,DELETE
601.64,643.59,605.22,722.88,572.06,0.67,0.69,0.35,25.27,30.62,-0.04,31.54,C
399.55,557.31,354.26,364.94,610.55,-0.65,-0.93,0.13,19.11,-0.96,-24.21,30.74,D
417.14,400.18,388.53,356.35,617.45,-0.36,-0.35,-0.65,25.35,14.43,18.44,30.92,DELETE
588.51,402.49,682.1,378.77,547.62,0.65,0.74,0.08,16.07,-24.48,-29.38,30.61,E
452.75,450.36,379.34,326.1,654.58,-0.47,-0.9,-0.27,29.41,18.58,31.23,31.14,DELETE
693.82,641.67,367.28,614.47,646.68,0.19,0.37,-0.77,16.07,-27.91,-10.17,30.85,SPACE
666.16,692.5,289.91,648.7,663.96,0.03,0.09,-1.16,24.63,-32.41,-10.35,31.34,SPACE
405.87,430.3,399.24,410.09,503.35,0.66,1.0,0.1,14.39,29.45,33.83,30.7,B
390.72,429.12,395.22,311.38,626.87,-0.57,-0.54,-0.63,30.45,12.62,24.58,31.14,DELETE
401.19,396.17,392.76,326.36,581.64,-0.51,-0.48,-0.71,17.71,20.28,19.63,31.02,DELETE
378.54,509.84,371.52,350.11,624.87,-0.91,-0.85,0.11,30.82,-13.87,-21.22,30.61,D
429.73,484.6,402.35,312.25,580.03,-0.55,-0.31,-0.67,31.2,15.96,29.38,30.52,DELETE
656.51,640.01,306.81,606.62,674.61,0.16,0.18,-0.59,31.96,-32.49,-15.76,30.68,SPACE
391.91,565.76,379.87,404.7,643.94,,-0.95,0.07,14.46,-14.89,-25.91,30.94,D
358.88,360.25,390.68,360.08,514.17,0.85,0.85,0.35,8.62,22.83,17.09,30.8,B
609.71,347.2,669.56,385.53,552.88,0.67,0.57,0.16,21.81,-17.42,-31.52,31.17,E
395.54,412.54,389.41,425.06,527.08,0.94,1.0,0.31,1.64,25.45,16.51,31.07,B
551.93,325.05,697.14,367.01,549.86,0.78,0.53,0.29,10.72,-14.19,-31.04,30.98,E
637.75,602.7,338.77,626.85,623.81,0.3,0.36,-0.82,19.28,-31.93,-10.78,31.07,SPACE
390.4,386.8,390.56,421.68,516.94,1.02,0.94,0.15,10.72,18.14,25.13,31.31,B
643.62,672.82,342.08,630.23,640.39,-0.01,0.2,-0.48,27.69,-29.99,-9.07,31.22,SPACE
686.31,627.17,292.74,522.86,666.86,0.12,0.26,-1.21,18.13,-24.86,-16.34,31.12,SPACE
652.22,613.97,309.45,593.19,670.46,0.33,0.17,-0.95,12.76,-24.52,-14.67,31.22,SPACE
596.41,449.74,701.19,587.12,319.36,1.09,0.51,0.53,-19.5,-9.44,-5.99,31.57,A
388.94,404.69,376.56,399.27,594.43,1.2,0.85,0.15,4.18,12.72,31.07,31.35,B
686.88,587.86,311.1,603.32,648.87,0.17,0.48,-0.74,17.93,-29.56,-17.57,31.21,SPACE
564.39,471.26,604.45,603.13,375.59,0.83,0.57,0.46,-25.46,0.9,-7.94,31.52,A
626.3,622.64,585.0,660.99,652.5,0.75,0.74,0.26,18.1,28.63,-2.75,31.32,C
613.72,622.63,597.89,689.52,610.7,0.39,0.8,0.36,24.21,23.69,-1.73,31.57,C
658.11,676.55,348.87,572.25,661.27,-0.14,0.26,-1.19,27.01,-21.3,-13.56,31.16,SPACE
413.58,556.56,339.66,386.05,682.38,-0.55,-0.98,0.13,26.1,-10.88,-25.78,30.81,D
402.77,396.07,373.41,309.13,618.97,-0.64,-0.51,-0.7,28.25,14.22,20.49,31.03,DELETE
618.38,381.0,720.12,351.29,519.87,1.06,0.44,0.48,19.53,-17.65,-32.86,30.76,E
637.6,458.94,652.45,544.18,373.64,0.93,0.57,0.92,-14.73,-4.51,-10.72,30.9,A
566.32,479.66,633.68,625.14,333.32,1.2,0.36,0.66,-20.72,-7.32,-6.87,31.36,A
404.04,416.96,405.66,398.68,569.93,0.85,0.89,0.06,12.74,14.11,19.42,30.39,B
596.07,617.35,607.86,663.1,571.77,0.55,0.6,0.6,21.0,28.7,-6.98,30.84,C
428.56,436.01,422.64,287.97,647.84,-0.65,-0.4,-0.72,23.88,23.43,35.08,30.93,DELETE
427.62,423.73,422.8,397.47,517.94,1.24,1.01,0.17,8.96,18.67,26.03,31.43,B
640.6,374.13,705.0,354.73,498.07,0.84,0.72,0.4,11.94,-32.91,-37.13,31.62,E
472.04,488.58,389.07,340.91,591.5,-0.42,-0.17,-0.87,30.81,19.56,28.43,31.49,DELETE
496.81,446.57,387.45,309.19,654.23,-0.69,-0.37,-0.71,27.55,9.74,32.51,30.92,DELETE
601.11,496.56,600.26,589.81,343.61,0.86,0.31,0.58,-24.96,-1.81,-7.64,31.48,A
677.67,636.52,317.63,598.41,721.4,-0.03,0.28,-0.95,18.16,-28.61,-7.85,31.22,SPACE
642.6,466.98,606.52,605.63,329.38,1.12,0.58,0.55,-20.57,6.78,2.63,31.02,A
408.14,588.02,355.04,365.68,663.54,-0.76,-0.92,-0.16,17.36,-7.26,-17.88,30.7,D
579.84,396.53,695.57,391.17,534.87,0.85,0.58,0.29,16.49,-24.0,-26.83,30.76,E
372.78,406.86,429.63,410.13,594.77,1.01,0.94,0.05,9.62,23.77,36.36,30.75,B
597.1,659.24,616.52,711.08,553.43,0.5,0.96,0.3,21.16,22.65,-1.09,30.81,C
476.98,435.88,405.97,335.97,600.22,-0.48,-0.33,-0.6,24.09,14.54,23.51,30.75,DELETE
401.15,534.82,336.63,341.14,625.03,-0.5,-1.07,0.07,17.58,-6.64,-27.44,31.01,D
583.17,337.24,735.87,375.14,551.08,1.33,0.71,0.1,11.95,-26.82,-31.4,30.88,E
674.71,649.15,346.15,620.65,664.49,0.27,0.09,-0.82,11.97,-23.33,-11.31,30.85,SPACE
464.09,410.09,391.65,323.88,609.5,-0.47,-0.63,-0.8,26.99,16.14,20.16,31.24,DELETE
367.68,399.27,377.23,375.44,559.58,1.09,1.13,0.06,12.23,12.79,30.29,31.05,B
581.35,348.08,650.26,330.95,533.34,0.85,0.55,0.31,10.76,-16.49,-30.23,31.21,E
363.99,419.84,380.18,391.47,531.74,1.19,1.25,0.12,6.46,34.06,23.84,30.83,B
586.19,629.62,614.06,702.77,561.98,0.46,0.73,0.34,19.62,29.99,-7.84,30.58,C
420.12,430.87,378.18,421.99,554.49,1.22,0.85,0.02,12.08,21.89,20.39,31.12,B
660.01,647.71,354.95,544.06,669.37,0.23,-0.0,-0.81,17.74,-29.0,-1.95,31.3,SPACE
575.07,401.65,686.15,363.97,553.8,0.77,0.75,-0.01,15.13,-34.29,-30.55,31.26,E
444.38,478.18,383.98,326.04,627.93,-0.62,-0.63,-0.46,26.24,16.95,22.74,31.38,DELETE
384.02,565.4,342.81,380.04,627.56,-0.95,-0.84,-0.07,17.58,-15.91,-20.2,31.41,D
589.96,675.11,317.2,581.09,653.89,0.18,0.4,-0.89,27.78,-24.74,-12.74,30.88,SPACE
400.13,556.71,358.41,381.03,694.65,-0.74,-0.95,-0.13,25.35,-3.61,-14.19,31.06,D
609.98,329.62,697.85,405.6,581.59,0.59,0.71,0.15,6.96,-22.52,-23.28,31.18,E
617.01,441.88,648.71,550.91,374.23,1.07,0.54,0.21,-27.23,0.46,-1.69,31.33,A
583.15,449.25,639.83,548.53,358.72,0.81,0.94,0.5,-21.95,-9.45,0.78,31.34,A
655.27,715.96,287.28,626.7,647.04,0.26,0.59,-1.05,17.74,-27.3,-15.43,31.27,SPACE
425.13,408.93,393.35,334.66,629.9,-0.7,-0.43,-0.43,38.88,23.26,19.91,31.14,DELETE
629.08,634.06,316.81,622.61,655.41,0.18,-0.01,-0.84,20.55,-30.49,-12.49,31.34,SPACE
433.1,444.78,458.3,356.65,588.98,-0.46,-0.55,-0.57,21.62,11.32,27.51,31.3,DELETE
572.19,410.37,673.71,360.05,555.38,0.73,0.9,0.31,15.23,-23.29,-26.13,31.47,E
585.09,647.89,610.86,710.75,598.42,0.69,0.87,0.64,20.5,34.68,-3.42,31.49,C
441.09,598.46,378.29,387.1,649.5,-0.89,-0.99,0.02,22.91,-8.09,-17.7,30.79,D
621.16,656.95,608.57,726.89,613.49,0.71,0.89,0.48,16.59,21.89,2.03,31.37,C
415.42,385.2,408.47,411.32,560.09,1.07,0.62,-0.06,9.03,20.62,28.36,31.24,B
575.26,483.76,647.91,563.54,337.1,0.86,0.36,0.52,-27.83,-1.36,-13.5,31.21,A
446.63,457.29,386.11,353.54,647.54,-0.39,-0.44,-0.76,24.21,13.46,27.08,31.16,DELETE
596.88,321.6,698.49,369.63,513.89,0.88,0.61,0.09,16.29,-24.77,-31.45,30.86,E
596.35,477.38,,576.68,336.9,0.92,0.31,0.49,-17.74,-9.82,-8.7,30.75,A
650.67,631.92,307.31,595.97,661.53,0.52,0.14,-0.86,18.48,-30.16,-19.71,30.53,SPACE
430.34,415.23,397.43,363.8,610.32,-0.65,-0.46,-0.51,22.36,19.75,22.4,31.07,DELETE
349.36,431.47,428.25,404.02,483.96,1.09,0.73,0.1,3.9,15.8,23.77,30.95,B
630.39,373.67,699.04,353.59,551.32,1.06,0.76,0.4,15.96,-28.85,-33.8,30.94,E
383.2,376.35,363.24,390.55,532.77,0.9,1.07,0.01,3.52,20.21,27.11,31.1,B
411.16,394.4,404.6,413.95,529.13,1.05,0.94,-0.04,16.37,26.84,22.17,31.17,B
689.41,639.03,331.75,652.67,668.35,0.35,0.28,-1.0,26.66,-31.46,-4.49,30.82,SPACE
573.39,606.68,585.0,646.53,576.29,0.88,0.73,0.49,13.09,18.4,-7.18,30.99,C
605.51,527.95,607.01,569.18,380.32,,0.61,0.59,-20.66,0.91,-11.8,31.26,A
373.35,377.62,402.49,385.94,535.13,0.87,0.82,0.09,9.1,24.49,36.91,31.08,B
380.18,403.3,419.4,425.63,519.6,0.93,1.06,-0.07,6.29,22.05,30.96,30.82,B
637.95,659.05,580.91,705.37,662.43,0.72,0.88,0.35,17.9,29.18,0.5,30.77,C
392.56,422.71,380.57,402.02,517.73,1.33,0.97,0.29,7.36,22.89,19.37,30.87,B
635.54,655.83,592.87,673.55,588.98,0.53,0.8,0.34,23.58,24.08,-6.7,30.87,C
739.11,634.88,303.17,577.08,663.34,-0.02,0.25,-1.2,22.17,-33.97,-13.1,31.18,SPACE
593.67,692.33,341.66,664.28,649.05,-0.02,0.2,-0.95,24.63,-21.84,-11.63,30.93,SPACE
391.11,438.26,404.97,314.24,613.75,-0.55,-0.28,-0.73,25.62,12.63,20.11,31.16,DELETE
673.61,603.06,312.54,620.15,652.93,0.49,0.19,-0.9,26.99,-28.13,-10.31,31.27,SPACE
453.15,473.15,398.55,321.71,618.75,-0.46,-0.52,-0.44,31.39,12.4,35.21,31.03,DELETE
605.94,465.75,646.94,558.53,309.0,0.81,0.43,0.4,-21.5,0.67,-15.69,31.01,A
615.84,361.92,691.46,304.08,532.2,0.87,0.6,0.56,7.12,-24.77,-33.94,30.83,E
577.58,633.81,597.77,657.0,616.63,0.8,0.74,0.33,18.54,21.58,-3.15,31.65,C
643.82,662.19,347.52,588.04,667.24,0.11,0.03,-0.75,18.59,-39.28,-2.36,30.76,SPACE
655.68,609.21,307.91,615.64,676.63,0.33,0.28,-0.6,17.62,-35.31,-16.44,30.79,SPACE
573.67,381.23,663.32,352.95,519.79,0.78,0.65,0.14,20.8,-19.48,-20.45,30.95,E
407.65,471.7,372.15,311.35,621.86,-0.62,-0.43,-0.49,29.08,17.47,26.82,30.49,DELETE
363.14,367.31,432.34,384.48,532.46,0.9,1.02,-0.09,7.44,23.85,20.93,30.79,B
615.06,342.23,667.82,347.39,544.41,0.55,0.66,0.34,11.51,-19.32,-28.3,30.84,E
476.52,463.57,427.67,295.39,580.48,-0.57,-0.43,-0.67,20.28,22.62,36.56,31.38,DELETE
668.8,653.92,350.83,617.14,679.66,0.35,-0.07,-1.18,20.98,-28.2,-8.29,31.01,SPACE
670.34,662.02,354.61,610.46,657.04,0.19,0.0,-0.66,18.66,-22.38,-9.81,31.09,SPACE
412.63,417.09,345.36,322.29,637.85,-0.49,-0.2,-0.52,31.11,26.28,25.31,31.02,DELETE
584.82,339.86,736.87,372.08,534.11,0.97,0.74,0.34,16.35,-21.28,-26.07,31.23,E
440.28,469.87,358.91,330.7,646.54,-0.65,-0.29,-0.53,29.87,15.22,20.86,31.53,DELETE
678.18,698.03,322.6,601.71,706.8,0.16,0.0,-0.87,26.74,-25.41,-11.67,30.57,SPACE
615.82,679.65,623.23,743.22,582.07,0.32,0.6,0.54,18.87,27.46,5.12,31.11,C
428.41,468.65,399.86,320.14,620.55,-0.44,-0.44,-0.57,32.82,16.75,11.07,31.5,DELETE
650.62,673.22,371.11,630.9,638.58,0.27,-0.08,-0.77,13.19,-31.23,-11.21,31.13,SPACE
369.35,559.8,406.55,429.99,610.17,-0.76,-1.12,0.15,23.2,-13.62,-21.95,30.86,D
366.71,413.19,415.56,368.83,521.76,1.21,0.82,0.18,5.92,24.33,31.46,31.22,B
684.17,684.18,331.96,634.09,647.4,0.27,0.24,-0.7,22.96,-30.34,-10.87,30.5,SPACE
634.37,697.6,582.99,710.06,615.71,0.76,0.72,0.51,26.55,31.59,-6.79,31.24,C
404.45,605.24,367.55,343.07,657.32,-0.71,-0.83,0.09,6.83,-7.71,-27.33,30.57,D
,466.15,630.76,568.69,331.32,0.89,0.66,0.31,-18.0,-4.88,-5.87,30.66,A
606.67,353.6,661.39,370.57,531.41,0.98,0.47,0.18,0.99,-32.87,-20.43,31.63,E
432.73,366.87,407.13,370.75,517.12,0.93,0.92,-0.03,8.38,18.92,18.66,31.23,B
406.27,407.32,417.45,353.83,649.83,-0.46,-0.83,-0.82,30.82,15.01,23.0,30.67,DELETE
573.68,343.94,713.74,359.69,541.06,0.94,0.39,0.49,11.18,-19.29,-26.32,31.41,E
625.14,314.04,676.45,361.85,558.11,0.78,0.54,0.4,10.59,-19.24,-34.98,30.59,E
608.82,640.48,599.12,728.7,583.03,0.72,0.81,0.58,17.31,24.64,-10.18,30.68,C
557.09,378.4,666.4,343.37,568.62,0.95,0.84,0.53,9.07,-14.45,-36.75,31.22,E
463.6,483.2,415.1,363.91,617.34,-0.83,-0.43,-0.54,27.82,15.96,20.97,30.7,DELETE
408.4,435.84,361.65,412.62,549.88,0.83,0.98,0.04,17.55,31.22,17.65,31.75,B
456.88,431.09,412.88,318.23,596.88,-0.42,-0.57,-0.51,30.25,12.49,25.44,30.84,DELETE
656.82,690.02,322.21,598.66,637.91,-0.0,0.18,-0.86,22.89,-29.62,-11.09,30.45,SPACE
571.15,340.64,686.77,347.43,521.76,0.81,0.65,0.37,6.74,-25.36,-30.22,30.94,E
590.23,639.07,599.11,662.33,599.55,0.75,0.94,0.47,6.44,25.61,12.21,31.26,C
652.56,381.74,710.88,394.4,510.07,0.66,0.85,0.34,11.8,-21.89,-41.35,30.94,E
548.13,675.12,654.97,698.9,548.62,0.8,0.53,0.36,21.24,27.35,-3.93,30.81,C
431.13,446.22,387.33,308.04,597.76,-0.58,-0.12,-0.84,26.4,17.35,24.28,31.32,DELETE
604.81,344.48,674.67,367.71,540.54,0.71,0.56,0.14,15.2,-31.79,-34.48,30.44,E
549.4,692.96,573.55,735.11,627.28,0.79,0.54,0.48,15.75,26.23,-2.74,30.39,C
368.97,383.54,408.51,409.79,550.17,1.07,1.02,0.14,8.13,23.66,22.35,31.11,B
604.68,383.85,729.15,348.23,483.7,0.71,0.5,0.41,-0.65,-24.19,-22.29,31.0,E
599.01,401.83,720.56,381.28,495.09,1.03,0.6,0.4,8.07,-27.87,-19.54,30.71,E
605.49,365.84,718.55,331.3,519.16,0.93,0.85,-0.03,19.8,-22.65,-38.84,30.1,E
407.32,456.53,412.51,404.14,478.1,0.68,1.0,-0.0,2.81,21.93,26.55,31.28,B
594.21,579.69,634.42,700.32,581.27,0.85,0.56,0.36,19.9,34.99,6.63,31.11,C
578.34,669.06,602.87,695.84,580.86,0.7,0.55,0.49,16.93,21.36,3.47,31.13,C
388.31,432.42,398.3,376.64,529.44,1.0,1.0,0.08,13.54,16.17,26.85,31.39,B
408.45,395.77,407.0,314.57,609.18,-0.78,-0.57,-0.86,26.32,14.89,26.24,31.37,DELETE
659.06,651.82,340.28,622.05,654.7,0.47,0.4,-0.81,17.15,-32.32,-12.82,31.02,SPACE
403.02,544.98,384.15,299.34,661.27,-0.32,-1.19,-0.03,21.72,-12.75,-17.13,31.14,D
552.69,596.02,611.31,676.67,552.02,0.79,0.98,0.67,16.82,26.13,2.95,31.34,C
406.53,569.27,355.91,438.79,684.32,-0.81,-1.0,-0.03,22.49,-13.95,-20.12,31.44,D
547.85,366.66,737.52,359.17,576.99,0.96,0.5,0.25,12.29,-26.71,-34.27,31.45,E
408.69,446.54,380.28,348.57,596.48,-0.23,-0.69,-0.38,28.94,19.62,32.47,31.26,DELETE
681.28,691.12,329.98,602.81,681.85,0.24,0.08,-0.99,15.8,-24.57,-11.13,30.89,SPACE
454.19,403.09,375.26,319.58,669.62,-0.62,-0.76,-0.72,30.77,20.78,37.18,31.42,DELETE
403.48,464.18,386.91,344.89,586.11,-0.55,-0.27,-0.49,24.51,14.13,20.85,30.8,DELETE
524.09,364.88,705.52,376.24,563.81,0.83,0.64,0.1,11.91,-28.26,-38.66,30.67,E
438.19,439.27,368.63,343.32,615.05,-0.24,-0.32,-0.73,32.14,18.4,32.34,30.84,DELETE
617.46,632.22,305.6,586.94,644.63,0.17,0.29,-0.65,12.74,-33.65,-15.15,31.23,SPACE
569.58,360.26,674.6,400.67,518.02,0.94,0.81,0.27,6.05,-28.77,-25.12,30.62,E
426.75,419.91,437.27,355.28,604.6,-0.31,-0.51,-0.42,35.88,12.25,28.7,31.23,DELETE
387.91,571.15,314.67,376.48,689.6,-0.54,-1.05,-0.21,24.06,-22.03,-16.76,30.94,D
565.6,357.87,699.68,375.91,537.31,0.9,0.68,0.27,11.45,-24.08,-28.26,31.12,E
458.78,592.09,367.7,413.27,622.48,-0.75,-0.75,-0.28,24.57,-7.78,-12.46,30.53,D
690.8,673.6,365.0,598.5,635.43,0.34,0.32,-0.67,27.77,-17.49,-8.09,31.07,SPACE
614.65,463.04,655.57,565.75,337.64,1.1,0.44,0.69,-18.93,-7.75,-2.88,31.21,A
409.6,421.68,366.41,397.36,514.32,1.12,1.16,0.21,4.57,7.9,17.14,31.43,B
604.86,357.14,692.74,372.34,561.02,0.97,0.5,0.44,12.49,-26.88,-22.74,31.44,E
413.32,411.28,339.88,318.49,629.17,-0.68,-0.42,-0.86,27.32,11.13,25.4,30.85,DELETE
346.6,404.67,378.59,437.49,499.23,1.23,0.98,-0.12,4.96,17.59,19.6,31.03,B
392.64,520.31,321.97,331.75,661.18,-0.91,-0.77,0.01,20.54,-14.66,-19.2,30.76,D
621.45,472.27,597.67,602.15,322.55,0.87,0.36,0.47,-20.17,-3.92,-6.11,31.11,A
404.09,592.39,385.45,387.04,683.47,-1.06,-1.01,-0.04,27.53,-2.58,-29.56,31.42,D
396.4,424.25,392.45,400.83,557.09,0.98,1.06,0.02,6.63,14.56,16.09,30.92,B
586.47,356.12,715.59,378.98,504.49,0.69,0.28,0.39,11.62,-22.76,-37.88,30.67,E
473.9,393.8,396.1,303.58,605.89,-0.61,-0.58,-0.63,15.65,15.28,25.34,30.59,DELETE
436.01,401.61,392.42,303.79,605.38,-0.19,-0.29,-0.66,44.49,12.29,31.62,30.54,DELETE
491.46,423.16,424.95,334.3,584.98,-0.54,-0.43,-0.8,30.05,21.65,26.98,30.84,DELETE
434.81,488.91,379.87,347.21,616.63,-0.52,-0.46,-0.77,30.17,15.42,21.27,31.3,DELETE
611.07,344.95,683.93,412.95,504.33,0.69,0.81,0.23,7.02,-14.31,-27.11,30.89,E
633.65,482.37,629.4,596.39,340.44,0.95,0.74,0.2,-29.4,-8.91,-9.57,30.92,A
386.92,591.17,359.39,392.93,668.47,-0.77,-0.8,-0.11,25.65,-12.39,-20.56,30.86,D
415.11,401.33,389.95,406.18,561.54,0.99,0.8,0.14,5.92,31.04,25.97,30.33,B
567.37,369.49,706.16,362.54,500.95,1.14,0.82,0.25,11.45,-20.15,-35.07,31.1,E
635.24,674.7,297.91,577.29,649.46,0.26,0.29,-0.73,26.59,-27.21,-6.09,30.8,SPACE
401.74,569.65,398.49,366.7,633.55,-0.79,-0.99,-0.01,17.61,-20.56,-25.11,31.11,D
597.39,403.85,694.66,325.77,577.33,1.03,0.66,0.11,10.0,-31.05,-24.69,30.52,E
379.52,577.64,395.99,347.32,648.59,-0.67,-0.83,-0.05,13.94,-7.33,-16.69,30.98,D
413.35,526.95,327.86,367.67,644.99,-0.96,-0.84,-0.16,29.23,-1.34,-23.55,31.13,D
643.19,603.28,282.72,589.33,652.77,0.21,-0.14,-0.92,26.5,-19.1,-20.66,30.76,SPACE
424.17,400.27,362.6,360.31,618.12,-0.77,-0.38,-0.72,24.12,11.14,30.79,30.41,DELETE
416.84,470.02,397.12,350.33,519.28,1.17,1.06,0.09,13.38,24.02,32.06,31.28,B
616.17,667.37,602.16,690.13,598.95,0.69,0.65,0.43,19.37,29.85,-7.64,30.68,C
652.8,646.92,365.62,591.67,656.81,-0.01,0.2,-0.81,25.54,-26.67,-6.41,31.22,SPACE
667.63,676.31,357.47,623.15,654.96,0.32,0.28,-1.03,13.51,-37.33,-10.84,31.09,SPACE
614.83,635.85,592.7,697.53,615.31,0.7,0.81,0.39,11.47,35.97,-4.51,30.83,C
622.69,630.97,340.07,603.79,704.02,0.03,0.55,-1.14,11.22,-27.51,-16.86,30.99,SPACE
422.37,441.6,394.57,361.61,622.82,-0.73,-0.52,-0.61,34.11,23.35,34.67,31.04,DELETE
423.41,451.41,379.75,404.09,535.23,0.84,0.97,0.05,14.04,27.64,24.33,30.94,B
633.79,433.48,635.07,583.02,352.33,1.06,0.64,0.52,-24.62,1.31,-8.71,30.62,A
676.17,604.55,361.06,606.74,667.51,0.09,0.32,-0.91,17.93,-26.22,-19.6,30.51,SPACE
551.1,378.03,673.23,350.15,551.73,1.07,0.66,0.38,5.71,-20.72,-29.72,31.37,E
-999.0,442.39,358.75,298.38,607.15,-0.71,-0.36,-0.7,25.36,13.07,27.11,31.01,DELETE
599.94,379.29,735.74,327.58,516.97,1.28,0.62,0.01,10.02,-35.79,-28.22,31.24,E
560.82,342.74,709.91,391.15,535.78,0.94,0.75,0.26,7.46,-19.12,-26.35,31.27,E
392.96,561.32,337.27,409.29,673.78,-0.75,-0.87,0.04,25.36,-17.16,-23.04,30.98,D
587.5,376.07,727.43,355.96,522.5,1.07,0.67,0.46,9.5,-14.91,-28.05,31.13,E
427.83,469.31,369.04,361.11,618.56,-0.17,-0.39,-0.65,31.37,15.18,16.82,30.93,DELETE
595.33,361.51,729.85,359.55,543.64,0.94,0.55,0.32,14.3,-29.72,-28.16,30.99,E
618.72,490.88,639.91,617.24,362.86,0.91,0.63,0.86,-12.51,-9.12,-12.38,31.45,A
679.18,669.98,281.39,600.45,680.1,0.25,0.4,-1.03,11.12,-23.16,-13.87,30.47,SPACE
602.91,373.07,708.02,368.57,472.01,0.81,0.73,0.54,21.36,-28.76,-31.17,30.53,E
433.95,529.34,357.46,403.79,650.94,-0.85,-1.16,-0.03,17.98,-9.41,-29.32,31.24,D
624.69,666.67,579.3,684.07,599.37,0.59,0.74,0.51,12.67,32.07,-0.98,30.48,C
370.02,540.82,335.37,344.34,671.58,-0.66,-0.95,-0.39,32.04,-14.91,-12.05,30.57,D
573.21,508.96,674.64,572.63,346.76,0.59,0.35,0.53,-27.67,0.6,2.23,30.65,A
613.04,494.55,649.17,592.2,320.05,0.92,0.55,0.7,-24.28,-0.37,-9.08,30.96,A
713.98,623.95,320.85,597.51,686.37,0.31,0.08,-0.96,20.23,-23.47,-17.03,31.61,SPACE
616.86,659.91,300.61,601.11,671.6,0.28,0.34,-0.79,22.34,-29.43,-10.65,30.82,SPACE
428.33,403.86,402.7,433.49,585.65,0.9,0.98,0.33,0.73,26.74,20.88,31.03,B
590.58,489.99,644.6,597.99,367.06,0.98,0.69,0.22,-14.36,-1.1,-2.36,30.63,A
579.17,458.77,651.24,607.83,352.89,0.61,0.57,0.58,-20.24,5.1,-18.07,30.82,A
443.46,395.73,397.51,323.57,644.76,-0.53,-0.25,-0.56,27.86,20.8,29.76,31.14,DELETE
402.11,441.41,409.79,407.51,533.25,0.98,0.89,-0.01,15.74,21.06,22.05,30.85,B
413.21,561.07,375.67,385.49,653.15,-0.68,-0.89,-0.04,20.55,-1.9,-8.76,30.64,D
649.25,628.58,329.62,590.96,690.34,-0.05,0.21,-1.04,19.31,-25.69,-16.78,31.05,SPACE
604.83,644.47,644.4,704.68,612.69,0.86,0.72,0.33,5.92,23.7,2.32,30.89,C
418.03,415.22,387.7,427.38,557.35,1.18,1.11,0.22,12.01,22.93,26.42,30.93,B
619.17,657.52,607.05,724.28,583.48,0.71,0.66,0.42,16.16,26.45,-1.32,30.69,C
624.0,342.51,694.02,363.63,533.66,0.92,0.76,0.35,12.04,-25.63,-23.93,31.1,E
621.92,639.0,576.91,705.02,593.58,0.68,0.62,0.8,6.9,24.14,-1.51,30.77,C
423.17,575.78,351.35,392.92,681.93,-0.68,-0.69,0.13,22.82,-9.18,-21.62,30.62,D
396.45,522.21,358.8,392.98,618.29,-0.63,-0.95,-0.09,26.04,-21.45,-20.58,31.49,D
609.63,482.6,625.97,576.71,297.72,0.97,0.59,0.54,-30.39,1.97,-5.93,30.78,A
637.98,452.53,664.81,594.94,348.73,1.14,0.62,0.68,-19.13,-1.27,-16.67,31.03,A
405.07,5000.0,347.17,331.47,644.73,-0.53,-0.87,0.01,16.79,-9.31,-17.25,31.13,D
634.32,375.11,721.95,368.45,579.44,0.7,0.66,0.4,11.98,-16.19,-31.58,31.62,E
589.5,489.33,653.33,539.77,319.56,0.86,0.47,,-25.46,-6.62,-3.89,31.24,A
428.7,452.38,372.65,323.22,637.38,-0.36,-0.42,-0.82,27.02,9.66,26.17,31.08,DELETE
405.89,532.89,393.29,353.74,653.55,-0.83,-1.04,0.23,22.28,-13.24,-28.04,30.44,D
642.93,669.0,284.78,569.22,653.82,0.35,0.39,-0.7,24.01,-27.63,-7.22,30.66,SPACE
394.29,419.9,368.85,329.35,665.64,-0.66,-0.58,-0.81,31.67,16.66,21.31,30.89,DELETE
577.02,474.27,641.45,623.89,360.03,0.95,0.56,0.58,-23.33,-8.39,-8.51,30.78,A
646.17,611.46,283.39,605.68,682.62,0.31,0.29,-0.91,20.0,-32.58,-13.39,30.6,SPACE
616.73,508.2,648.92,568.67,365.33,1.02,0.75,0.6,-28.44,-9.82,0.5,31.52,A
382.92,400.22,361.4,416.47,521.73,0.83,0.9,0.21,11.36,20.95,29.07,30.65,B
618.75,468.4,654.79,571.23,361.06,0.68,0.47,0.27,-29.79,3.84,-3.28,30.78,A
425.07,645.11,305.64,395.03,606.49,-0.64,-0.99,0.02,17.21,-6.54,-29.55,31.37,D
613.71,650.76,635.55,689.52,613.43,0.78,0.89,0.2,15.82,30.32,6.24,31.07,C
404.79,409.4,354.01,393.76,543.39,0.82,1.08,0.19,8.98,6.28,19.59,31.57,B
668.19,625.99,319.91,583.48,638.23,0.12,0.03,-0.97,23.52,-26.61,-1.32,30.34,SPACE
343.16,397.78,399.98,428.41,513.7,1.24,0.88,-0.05,16.03,22.66,23.22,30.95,B
407.03,400.27,350.72,323.42,583.06,-0.57,-0.18,-0.84,27.08,27.52,27.83,30.89,DELETE
652.6,583.45,328.83,598.18,700.39,0.24,0.01,-0.95,10.91,-33.27,-8.01,30.93,SPACE
602.43,470.8,615.6,593.44,350.78,0.73,0.63,0.88,-21.45,-4.66,-8.46,31.18,A
668.52,639.91,323.29,624.35,692.94,0.45,0.27,-0.93,20.1,-35.89,-4.49,30.9,SPACE
581.66,637.15,590.6,724.59,623.26,0.72,0.61,0.61,18.01,21.99,-10.07,30.87,C
659.68,410.39,726.49,383.72,583.84,0.64,0.87,0.15,10.11,-19.14,-23.25,30.65,E
598.84,431.7,702.87,331.85,525.7,0.8,0.75,0.15,11.44,-22.75,-31.66,31.24,E
566.96,355.17,643.59,399.81,548.94,0.85,0.34,0.02,12.92,-12.1,-32.91,31.26,E
358.18,410.51,434.71,447.06,550.91,0.81,1.05,0.18,11.97,25.52,27.79,30.98,B
570.29,375.08,711.09,374.74,526.95,0.9,0.89,0.33,4.76,-20.93,-19.2,30.61,E
416.87,426.93,403.65,402.75,512.11,0.98,1.17,0.04,3.89,19.14,26.98,30.89,B
602.79,362.05,697.02,353.54,563.74,0.83,0.44,0.04,4.3,-18.86,-35.18,31.09,E
408.98,553.05,341.32,403.3,661.38,-0.63,-0.74,-0.16,19.0,-9.65,-25.13,31.23,D
400.7,541.27,349.63,347.01,655.97,-0.64,-0.9,0.0,14.06,-13.54,-24.35,30.88,D
397.84,455.05,387.91,415.03,464.24,0.98,0.93,-0.07,13.75,19.97,25.09,30.89,B
695.89,644.3,300.17,602.32,677.33,0.2,0.12,-0.83,23.85,-28.95,-19.46,31.14,SPACE
649.59,652.34,343.99,632.58,665.3,-0.0,-0.06,-0.96,9.67,-18.24,-8.2,30.81,SPACE
418.31,413.64,365.04,429.3,523.72,1.04,0.88,0.3,3.96,19.91,26.51,30.67,B
433.76,430.16,393.76,337.75,625.69,-0.44,-0.49,-0.61,29.67,4.72,29.03,31.04,DELETE
383.51,390.81,375.6,412.06,557.87,0.97,0.99,0.14,3.48,25.3,30.07,31.78,B
394.96,389.14,422.87,375.08,525.82,0.9,1.01,-0.04,6.99,20.42,22.3,31.15,B
373.43,564.88,350.21,369.05,671.73,-0.48,-0.78,-0.06,22.68,-14.35,-27.27,30.66,D
590.72,403.02,738.66,345.87,533.17,0.91,0.74,0.22,22.35,-19.84,-26.76,31.53,E
615.38,669.6,619.11,678.46,602.36,0.66,0.63,0.77,9.3,24.91,4.57,30.56,C
600.24,369.03,699.46,369.47,568.25,0.87,0.86,0.28,11.18,-25.29,-38.51,31.08,E
377.65,560.2,370.51,292.42,711.98,-0.62,-1.05,0.29,20.03,-9.78,-24.75,31.5,D
650.33,694.95,372.87,652.51,645.11,0.33,0.33,-0.8,19.59,-20.82,-11.19,31.04,SPACE
678.88,589.08,345.69,555.89,633.23,0.17,0.53,-0.66,24.89,-25.43,-20.5,31.05,SPACE
645.82,466.18,652.77,563.36,338.25,0.86,0.77,0.63,-23.4,2.99,-18.61,30.4,A
405.68,594.21,312.98,313.7,641.71,-0.91,-1.0,0.03,26.37,-16.13,-20.31,31.0,D
581.43,601.72,610.06,715.03,616.13,0.77,0.61,0.34,20.87,28.21,-4.29,31.33,C
605.72,464.84,634.64,592.25,346.81,1.01,0.59,0.89,-24.35,-5.54,-11.82,31.18,A
402.31,415.4,395.66,320.24,585.6,-0.32,-0.3,-0.93,21.12,19.83,24.37,31.45,DELETE
398.9,437.63,335.61,329.41,595.62,-0.55,0.0,-0.38,21.3,19.64,29.79,30.9,DELETE
379.59,562.54,331.6,416.56,680.57,-0.71,-1.14,0.23,19.93,-15.97,-31.12,30.81,D
405.88,432.0,417.94,347.16,644.27,-0.47,-0.38,-0.9,26.91,15.74,31.91,30.85,DELETE
606.93,481.13,658.86,553.95,311.63,1.12,0.46,0.36,-20.09,-0.66,-15.41,31.07,A
395.01,413.86,397.67,402.29,535.66,1.11,1.19,0.05,12.42,18.09,29.81,30.77,B
643.42,477.85,622.5,564.09,300.66,0.82,0.47,0.69,-13.71,-9.89,-5.79,30.69,A
438.67,467.63,400.39,299.51,592.46,-0.34,-0.56,-0.49,26.34,17.57,18.86,30.82,DELETE
681.96,682.41,308.71,634.72,687.15,0.21,0.16,-0.88,25.75,-25.23,-14.57,30.95,SPACE
440.71,573.79,411.52,376.57,675.53,-0.77,-1.04,-0.1,11.46,-4.01,-25.52,30.76,D
606.05,631.44,550.42,695.57,564.74,0.95,0.69,0.32,14.61,16.63,-6.98,31.3,C
393.66,551.29,382.06,386.45,636.68,-0.62,-0.85,-0.11,19.3,-21.57,-27.76,30.78,D
466.19,413.9,408.98,327.06,613.12,-0.56,-0.4,-0.57,33.78,23.9,27.45,31.51,DELETE
611.87,651.31,568.59,692.18,564.39,0.7,0.42,0.54,20.0,35.62,2.75,30.87,C
622.57,448.12,660.96,545.05,317.81,1.15,0.65,0.8,-23.67,-8.74,-8.95,31.03,A
597.95,627.59,649.61,688.11,621.14,0.34,0.86,0.68,18.26,28.87,1.31,30.81,C
651.03,621.78,302.65,592.07,607.83,0.21,0.13,-0.79,23.48,-30.75,-13.48,30.93,SPACE
400.1,538.04,368.66,378.75,638.19,-0.71,-0.94,-0.09,21.12,-15.47,-10.58,31.32,D
575.02,620.27,590.58,707.15,610.16,0.39,0.55,0.64,18.5,19.0,10.29,30.99,C
712.51,655.27,347.49,616.24,675.44,0.26,0.34,-0.8,22.68,-30.68,-9.26,30.98,SPACE
398.51,463.37,439.57,450.92,507.48,1.12,0.87,0.09,1.98,18.38,22.59,31.27,B
619.21,471.64,642.42,562.58,348.82,0.88,0.34,0.38,-21.45,4.92,-6.95,30.96,A
587.54,675.76,585.05,695.33,606.33,0.94,0.62,0.6,24.27,25.76,-2.54,30.9,C
591.85,416.55,679.08,399.39,513.72,0.87,0.84,0.47,10.83,-19.17,-27.31,30.84,E
613.65,623.55,575.96,737.25,604.27,0.61,0.57,0.36,14.56,19.67,-8.99,30.94,C
378.54,418.55,413.93,456.69,556.46,1.13,1.44,0.13,10.76,25.12,20.93,30.87,B
429.33,418.74,399.47,388.64,547.52,1.06,0.98,-0.06,8.99,21.25,19.31,30.56,B
658.07,714.45,330.31,614.0,650.97,0.4,0.32,-0.79,22.44,-22.04,-4.83,31.08,SPACE
618.12,518.77,618.77,572.82,357.1,1.02,0.47,0.55,-29.19,-4.17,-9.08,31.07,A
609.3,377.55,706.49,376.4,516.41,0.71,0.77,0.2,-0.82,-18.7,-34.6,31.14,E
647.02,643.45,337.59,563.67,654.3,0.46,0.04,-1.02,21.43,-25.8,-14.31,31.02,SPACE
415.06,528.54,341.43,370.77,671.19,-0.71,-0.79,0.2,27.76,-4.41,-27.5,31.14,D
454.79,471.77,423.65,345.33,675.02,-0.61,-0.12,-0.52,35.2,15.26,30.02,31.43,DELETE
390.47,551.94,374.08,403.07,676.47,-0.83,-0.81,-0.0,20.14,-13.98,-25.11,31.52,D
638.62,651.34,357.07,641.23,681.22,0.56,0.15,-1.15,26.63,-36.41,-14.96,31.16,SPACE
379.55,395.99,441.24,436.78,533.59,0.94,0.96,0.09,16.34,23.71,29.61,31.35,B
407.54,551.91,397.04,375.05,696.05,-0.82,-0.85,-0.01,20.12,-7.28,-23.81,30.2,D
658.7,692.56,296.53,619.52,695.03,0.13,0.15,-0.89,13.95,-29.49,-4.81,31.16,SPACE
362.48,549.34,381.08,368.26,660.59,-0.81,-0.95,0.29,20.02,-8.52,-30.14,31.46,D
444.14,462.93,383.35,328.75,599.82,-0.49,-0.51,-0.7,31.49,22.78,27.79,31.54,DELETE
618.56,358.42,708.78,359.81,578.9,0.8,0.69,0.39,8.56,-22.31,-30.75,30.85,E
447.41,435.7,359.64,325.19,630.27,-0.49,-0.42,-0.6,32.29,16.65,28.04,30.7,DELETE
400.74,443.29,430.24,394.48,562.1,1.13,1.37,-0.06,5.8,20.07,23.52,30.73,B
422.71,443.09,421.0,367.17,574.86,-0.42,-0.4,-0.71,30.13,8.23,33.11,31.15,DELETE
606.09,392.41,716.25,399.5,557.95,0.66,0.97,0.46,10.38,-27.1,-26.9,30.92,E
439.2,578.58,379.21,310.97,650.03,-0.39,-0.76,-0.27,20.2,-16.45,-13.75,31.07,D
433.12,565.97,354.06,331.18,663.0,-0.6,-1.23,0.17,25.59,-4.78,-19.39,31.2,D
660.92,614.61,346.93,590.74,708.41,0.03,0.17,-1.01,16.48,-29.65,-2.34,31.04,SPACE
585.15,384.99,701.69,417.9,550.72,1.03,0.5,0.37,9.31,-19.97,-25.98,31.01,E
401.71,427.83,422.4,440.74,557.87,0.85,0.85,0.04,6.09,15.91,23.77,30.86,B
595.7,487.34,668.76,582.83,346.46,0.96,0.52,0.46,-20.73,-3.46,2.71,31.47,A
412.86,549.09,358.14,381.74,657.85,-0.63,-1.05,-0.2,29.89,2.01,-20.07,30.6,D
390.98,407.72,394.0,417.35,506.0,0.74,0.93,0.17,16.78,25.51,18.63,30.93,B
398.73,420.96,426.33,379.49,641.26,-0.32,-0.25,-0.55,30.14,19.56,29.47,30.78,DELETE
582.48,650.68,601.25,675.21,603.51,0.61,0.52,0.22,16.32,28.92,-4.96,31.76,C
659.02,679.76,294.17,661.14,647.66,0.26,0.02,-0.9,20.69,-34.66,2.94,30.85,SPACE
550.35,637.14,639.71,706.3,580.77,0.6,0.58,0.51,24.8,31.34,0.79,30.6,C
634.98,657.73,325.67,628.97,645.61,0.33,0.18,-1.05,23.29,-27.55,-14.34,31.01,SPACE
604.08,484.09,643.12,542.61,306.11,0.96,0.68,0.24,-20.58,2.97,-8.52,31.17,A
633.44,675.14,329.56,636.48,677.87,0.08,0.27,-0.81,18.62,-34.43,-10.69,30.7,SPACE
646.38,479.3,653.72,581.91,348.79,0.93,0.74,0.5,-16.65,-6.2,-8.05,30.68,A
576.42,662.09,586.38,722.19,,0.61,0.48,0.5,22.58,27.45,9.71,31.43,C
410.0,593.68,371.56,392.26,641.4,-0.98,-0.86,0.26,27.41,-20.38,-29.88,30.75,D
621.08,500.27,644.45,546.79,303.66,0.74,0.26,0.59,-16.69,-3.04,-19.05,30.94,A
430.54,448.62,355.47,308.08,620.33,-0.5,-0.54,-0.76,28.04,21.29,25.41,31.49,DELETE
621.97,650.94,329.8,622.48,691.38,0.21,0.29,-1.02,24.05,-29.75,-8.89,31.11,SPACE
589.85,357.9,709.53,336.02,559.01,0.79,0.84,0.24,16.09,-21.05,-25.7,31.03,E
391.21,461.61,353.63,285.67,638.73,-0.5,-0.36,-0.7,21.57,10.93,24.43,30.62,DELETE
594.09,487.33,630.1,568.66,371.74,0.8,0.16,0.81,-9.57,-5.0,-17.44,30.91,A
388.62,529.84,402.34,375.96,699.39,-0.52,-1.08,-0.01,22.37,-2.81,-20.12,31.05,D
571.61,632.45,644.26,718.61,592.79,0.75,0.69,0.05,13.58,25.83,-3.27,31.07,C
